date,id,kind,entry_number,name,country,biko,image_url,rank,point
2020-07-08,00000491,LOCAL,1,KAZUMOちゃん,北海道,ＮＰＯ法人留萌観光協会,https://www.yurugp.jp/img/uploads/character/200/00000491.jpg,102,172
2020-07-08,00000542,LOCAL,2,えちゴン,新潟県,一般社団法人柏崎青年会議所,https://www.yurugp.jp/img/uploads/character/200/00000542.jpg,6,4261
2020-07-08,00003622,COMPANY,3,ニイツン,東京都,Niitsuplus(ニイツプラス),https://www.yurugp.jp/img/uploads/character/200/00003622.jpg,176,65
2020-07-08,00001073,LOCAL,4,はむりん,東京都,東京都羽村市,https://www.yurugp.jp/img/uploads/character/200/00001073.jpg,31,850
2020-07-08,00003716,COMPANY,5,ぎんがくん・きらりちゃん,岩手県,ＩＧＲいわて銀河鉄道株式会社,https://www.yurugp.jp/img/uploads/character/200/00003716.jpg,63,371
2020-07-08,00002830,LOCAL,6,ちゃちゃまる,岐阜県,岐阜県池田町,https://www.yurugp.jp/img/uploads/character/200/00002830.jpg,14,2449
2020-07-08,00004010,COMPANY,7,三太,富山県,ライブリード株式会社,https://www.yurugp.jp/img/uploads/character/200/00004010.jpg,53,424
2020-07-08,00003217,COMPANY,8,シープリン,東京都,公益社団法人　日本臨床工学技士会,https://www.yurugp.jp/img/uploads/character/200/00003217.jpg,231,21
2020-07-08,00003179,LOCAL,9,ながれ〜,千葉県,恋するＮagareyama,https://www.yurugp.jp/img/uploads/character/200/00003179.jpg,188,78
2020-07-08,00004028,LOCAL,10,みどモス,群馬県,群馬県みどり市,https://www.yurugp.jp/img/uploads/character/200/00004028.jpg,5,4524
2020-07-08,00003995,LOCAL,11,かきつばたん,愛知県,刈谷市立刈谷特別支援学校,https://www.yurugp.jp/img/uploads/character/200/00003995.jpg,26,1038
2020-07-08,00000118,LOCAL,12,オケちゃん,埼玉県,(一社)桶川市観光協会,https://www.yurugp.jp/img/uploads/character/200/00000118.jpg,42,581
2020-07-08,00003744,COMPANY,13,ＶＭＡＴ　ふじゅクン,大阪府,公益社団法人大阪府獣医師会,https://www.yurugp.jp/img/uploads/character/200/00003744.jpg,54,418
2020-07-08,00003945,COMPANY,14,いっぷく先生,北海道,株式会社ナカジマ薬局,https://www.yurugp.jp/img/uploads/character/200/00003945.jpg,49,505
2020-07-08,00004045,COMPANY,15,ミリーヌ,熊本県,ミリーヴグループ,https://www.yurugp.jp/img/uploads/character/200/00004045.jpg,37,757
2020-07-08,00001024,LOCAL,16,きたひろ　まいピー,北海道,北広島商工会,https://www.yurugp.jp/img/uploads/character/200/00001024.jpg,206,68
2020-07-08,00003670,LOCAL,17,もり吉,大阪府,守口市,https://www.yurugp.jp/img/uploads/character/200/00003670.jpg,32,798
2020-07-08,00004037,LOCAL,18,うけどん,福島県,浪江町,https://www.yurugp.jp/img/uploads/character/200/00004037.jpg,29,859
2020-07-08,00003887,LOCAL,19,ちゅとら,愛知県,学校法人中部大学,https://www.yurugp.jp/img/uploads/character/200/00003887.jpg,57,376
2020-07-08,00004116,COMPANY,20,ぎゅーとらココロっけ,三重県,株式会社ぎゅーとら,https://www.yurugp.jp/img/uploads/character/200/00004116.jpg,190,52
2020-07-08,00000647,LOCAL,21,めい姫,三重県,明和町,https://www.yurugp.jp/img/uploads/character/200/00000647.jpg,21,1350
2020-07-08,00003188,COMPANY,22,たっぴくん・たっぴちゃん,東京都,株式会社立飛ホールディングス,https://www.yurugp.jp/img/uploads/character/200/00003188.jpg,5,8838
2020-07-08,00000009,LOCAL,23,滝ノ道ゆずる,大阪府,大阪府箕面市,https://www.yurugp.jp/img/uploads/character/200/00000009.jpg,7,3866
2020-07-08,00004079,COMPANY,24,モッくんファミリー,東京都,株式会社ダイエー,https://www.yurugp.jp/img/uploads/character/200/00004079.jpg,100,221
2020-07-08,00003860,COMPANY,25,うな次郎くん,新潟県,一正蒲鉾株式会社,https://www.yurugp.jp/img/uploads/character/200/00003860.jpg,31,884
2020-07-08,00002370,COMPANY,26,すぱっくん,広島県,株式会社スパーク,https://www.yurugp.jp/img/uploads/character/200/00002370.jpg,89,282
2020-07-08,00003165,LOCAL,27,やしモン♪,大阪府,堺市北八下校区自治連合会,https://www.yurugp.jp/img/uploads/character/200/00003165.jpg,62,299
2020-07-08,00003849,COMPANY,28,ドカユキン,富山県,とみ☆ハリ,https://www.yurugp.jp/img/uploads/character/200/00003849.jpg,211,32
2020-07-08,00004088,LOCAL,29,フーＯ君　　O3　　ナイト・テイ・G　　（テイジーズ）,長野県,飯田OIDE長姫高等学校定時制,https://www.yurugp.jp/img/uploads/character/200/00004088.jpg,320,17
2020-07-08,00001887,COMPANY,30,こみょたん,岡山県,公益財団法人邑久光明園友愛会,https://www.yurugp.jp/img/uploads/character/200/00001887.jpg,82,296
2020-07-08,00003375,COMPANY,31,くろこ,埼玉県,インプラス株式会社,https://www.yurugp.jp/img/uploads/character/200/00003375.jpg,266,4
2020-07-08,00002721,LOCAL,32,よしむねさま＆こまつなっち,東京都,新小岩ルミエール商店街,https://www.yurugp.jp/img/uploads/character/200/00002721.jpg,331,14
2020-07-08,00004036,COMPANY,33,うさっぴぃ,愛知県,株式会社宇佐美鉱油,https://www.yurugp.jp/img/uploads/character/200/00004036.jpg,3,12495
2020-07-08,00000426,LOCAL,34,のっティ,石川県,野々市市,https://www.yurugp.jp/img/uploads/character/200/00000426.jpg,130,134
2020-07-08,00003296,COMPANY,35,ターニー,東京都,タニコー株式会社,https://www.yurugp.jp/img/uploads/character/200/00003296.jpg,6,6920
2020-07-08,00002066,COMPANY,36,Q太くん,愛知県,全国タイル工業組合,https://www.yurugp.jp/img/uploads/character/200/00002066.jpg,155,91
2020-07-08,00000080,LOCAL,37,えんむちゃん,埼玉県,くまがや市商工会,https://www.yurugp.jp/img/uploads/character/200/00000080.jpg,241,43
2020-07-08,00004159,LOCAL,38,つどりん,岩手県,公益財団法人盛岡市都南自治振興公社,https://www.yurugp.jp/img/uploads/character/200/00004159.jpg,152,109
2020-07-08,00001429,COMPANY,39,もりねずみの『しげるくん』,東京都,株式会社 ジーエス･ユアサ バッテリー,https://www.yurugp.jp/img/uploads/character/200/00001429.jpg,15,2335
2020-07-08,00001151,LOCAL,40,いんザイ君,千葉県,千葉県印西市,https://www.yurugp.jp/img/uploads/character/200/00001151.jpg,57,376
2020-07-08,00001254,LOCAL,41,しらぺん,和歌山県,白浜町商工会青年部,https://www.yurugp.jp/img/uploads/character/200/00001254.jpg,289,27
2020-07-08,00004001,COMPANY,42,カロニャーゴ&ワルニャーゴ,愛知県,トヨタカローラ名古屋株式会社,https://www.yurugp.jp/img/uploads/character/200/00004001.jpg,7,6751
2020-07-08,00003558,LOCAL,43,きたぴー,大阪府,北河内農業協同組合,https://www.yurugp.jp/img/uploads/character/200/00003558.jpg,244,42
2020-07-08,00003223,COMPANY,44,キャピクル,東京都,東京都中古自動車販売商工組合,https://www.yurugp.jp/img/uploads/character/200/00003223.jpg,51,458
2020-07-08,00004121,COMPANY,45,AGCちゃん,東京都,ＡＧＣ株式会社,https://www.yurugp.jp/img/uploads/character/200/00004121.jpg,16,2099
2020-07-08,00003998,COMPANY,46,グラ,海外,Ambassador Management,https://www.yurugp.jp/img/uploads/character/200/00003998.jpg,4,8847
2020-07-08,00004062,LOCAL,47,かきじぃ,徳島県,上板町,https://www.yurugp.jp/img/uploads/character/200/00004062.jpg,203,69
2020-07-08,00003530,COMPANY,48,ゴリすけ,三重県,LITTLE FOREST,https://www.yurugp.jp/img/uploads/character/200/00003530.jpg,202,38
2020-07-08,00003325,LOCAL,49,よコジロー,高知県,高知県越知町,https://www.yurugp.jp/img/uploads/character/200/00003325.jpg,18,1577
2020-07-08,00004160,COMPANY,50,バディ,海外,iCan Entertainment TW ltd.,https://www.yurugp.jp/img/uploads/character/200/00004160.jpg,68,342
2020-07-08,00002128,LOCAL,51,とまてぃーぬ,愛知県,愛知県立東海商業高等学校,https://www.yurugp.jp/img/uploads/character/200/00002128.jpg,71,263
2020-07-08,00003937,COMPANY,53,ラビット・ユキネ,北海道,クリプトン・フューチャー・メディア株式会社,https://www.yurugp.jp/img/uploads/character/200/00003937.jpg,52,453
2020-07-08,00003767,LOCAL,54," 下條村ご当地キャラクター　からみん",長野県,からみん応援隊,https://www.yurugp.jp/img/uploads/character/200/00003767.jpg,152,109
2020-07-08,00004161,COMPANY,55,すこぶる動くウサギ,熊本県,株式会社DK,https://www.yurugp.jp/img/uploads/character/200/00004161.jpg,56,410
2020-07-08,00003662,COMPANY,56,のらねこくん,埼玉県,一般社団法人 INAKA PROJECT,https://www.yurugp.jp/img/uploads/character/200/00003662.jpg,99,226
2020-07-08,00004162,LOCAL,57,けやっきー,茨城県,守谷市立けやき台中学校,https://www.yurugp.jp/img/uploads/character/200/00004162.jpg,158,107
2020-07-08,00001892,LOCAL,58,カモ虎課長,東京都,Come on 虎ノ門製作委員会,https://www.yurugp.jp/img/uploads/character/200/00001892.jpg,218,59
2020-07-08,00003239,COMPANY,59,ゆたま王子,愛媛県,道後プリンスホテル,https://www.yurugp.jp/img/uploads/character/200/00003239.jpg,233,20
2020-07-08,00004085,COMPANY,60,みちもり君,大阪府,阪神高速技術株式会社,https://www.yurugp.jp/img/uploads/character/200/00004085.jpg,113,177
2020-07-08,00003378,LOCAL,61,眠郎,北海道,根室市観光協会,https://www.yurugp.jp/img/uploads/character/200/00003378.jpg,331,14
2020-07-08,00004020,COMPANY,62,らっくー,福島県,酪王乳業株式会社,https://www.yurugp.jp/img/uploads/character/200/00004020.jpg,77,310
2020-07-08,00000399,LOCAL,63,おむらんちゃん,長崎県,大村市,https://www.yurugp.jp/img/uploads/character/200/00000399.jpg,102,172
2020-07-08,00002905,LOCAL,64,月橋渡,京都府,嵐山商店街,https://www.yurugp.jp/img/uploads/character/200/00002905.jpg,145,121
2020-07-08,00004163,COMPANY,65,はんくろう,静岡県,一般社団法人とおとうみ,https://www.yurugp.jp/img/uploads/character/200/00004163.jpg,143,109
2020-07-08,00004164,COMPANY,66,パコちゃん,愛知県,株式会社テニスラウンジ,https://www.yurugp.jp/img/uploads/character/200/00004164.jpg,40,711
2020-07-08,00004033,COMPANY,67,よりぞう,東京都,ＪＡバンク（農林中央金庫）,https://www.yurugp.jp/img/uploads/character/200/00004033.jpg,11,3875
2020-07-08,00000515,LOCAL,68,とっぴー,大阪府,大阪府富田林市,https://www.yurugp.jp/img/uploads/character/200/00000515.jpg,85,213
2020-07-08,00003824,COMPANY,69,しほたん,東京都,東京司法書士会,https://www.yurugp.jp/img/uploads/character/200/00003824.jpg,95,244
2020-07-08,00002210,LOCAL,70,しむかっぴー,北海道,占冠村ふるさと祭り実行委員会,https://www.yurugp.jp/img/uploads/character/200/00002210.jpg,114,153
2020-07-08,00003861,LOCAL,71,ぴーなマン＆やえのちゃん,神奈川県,秦野市農業協同組合,https://www.yurugp.jp/img/uploads/character/200/00003861.jpg,125,143
2020-07-08,00004111,COMPANY,72,クンくん,神奈川県,農林水産省動物検疫所,https://www.yurugp.jp/img/uploads/character/200/00004111.jpg,225,24
2020-07-08,00004031,LOCAL,73,なとみん,奈良県,奈良学園登美ヶ丘,https://www.yurugp.jp/img/uploads/character/200/00004031.jpg,188,78
2020-07-08,00000421,LOCAL,74,おおまぴょん,長野県,長野県大町市,https://www.yurugp.jp/img/uploads/character/200/00000421.jpg,10,3116
2020-07-08,00003594,COMPANY,75,ソワレちゃん,東京都,株式会社東京ソワール,https://www.yurugp.jp/img/uploads/character/200/00003594.jpg,249,10
2020-07-08,00004165,COMPANY,76,はらちゃん,兵庫県,nail&eyelash salon HaRaDa,https://www.yurugp.jp/img/uploads/character/200/00004165.jpg,101,217
2020-07-08,00000057,LOCAL,77,ケキョきち,岩手県,鴬宿温泉観光協会,https://www.yurugp.jp/img/uploads/character/200/00000057.jpg,91,198
2020-07-08,00004166,COMPANY,78,ブルブルくん,京都府,株式会社わかさ生活,https://www.yurugp.jp/img/uploads/character/200/00004166.jpg,186,56
2020-07-08,00003129,COMPANY,79,わ～ふちゃん,兵庫県,サンシャインワーフ神戸,https://www.yurugp.jp/img/uploads/character/200/00003129.jpg,233,20
2020-07-08,00004151,COMPANY,80,くまっきー ,長野県,株式会社熊木住建,https://www.yurugp.jp/img/uploads/character/200/00004151.jpg,275,2
2020-07-08,00003986,COMPANY,81,びんちゃん,千葉県,株式会社ＢＬＵＥ　ＳＴＡＲ,https://www.yurugp.jp/img/uploads/character/200/00003986.jpg,178,64
2020-07-08,00004073,LOCAL,82,キャベッツさん,東京都,西東京商工会青年部,https://www.yurugp.jp/img/uploads/character/200/00004073.jpg,8,3814
2020-07-08,00000470,LOCAL,83,きょうかい君/あいちゃん,愛知県,愛知県土地家屋調査士会,https://www.yurugp.jp/img/uploads/character/200/00000470.jpg,167,100
2020-07-08,00001174,LOCAL,84,いしだんくん,群馬県,一般社団法人 渋川伊香保温泉観光協会,https://www.yurugp.jp/img/uploads/character/200/00001174.jpg,113,158
2020-07-08,00004006,COMPANY,85,とらポン,静岡県,トランポリンパーク浜松,https://www.yurugp.jp/img/uploads/character/200/00004006.jpg,255,7
2020-07-08,00003503,COMPANY,86,駅長がちゃこん,滋賀県,近江鉄道株式会社,https://www.yurugp.jp/img/uploads/character/200/00003503.jpg,147,104
2020-07-08,00003431,COMPANY,87,イデっくん,福岡県,株式会社 新出光,https://www.yurugp.jp/img/uploads/character/200/00003431.jpg,74,325
2020-07-08,00002258,LOCAL,88,くえ太郎・くえドン,和歌山県,白浜観光協会,https://www.yurugp.jp/img/uploads/character/200/00002258.jpg,234,48
2020-07-08,00003933,COMPANY,89,お風呂シカ フロロ,奈良県,奈良健康ランド 奈良プラザホテル,https://www.yurugp.jp/img/uploads/character/200/00003933.jpg,255,7
2020-07-08,00004024,COMPANY,90,Eちゃん,埼玉県,イースペース株式会社,https://www.yurugp.jp/img/uploads/character/200/00004024.jpg,270,3
2020-07-08,00002202,LOCAL,91,こまかっぱ,長野県,長野県駒ヶ根市,https://www.yurugp.jp/img/uploads/character/200/00002202.jpg,117,151
2020-07-08,00001428,LOCAL,92,シャカメくん,東京都,亀戸花まつり実行委員会,https://www.yurugp.jp/img/uploads/character/200/00001428.jpg,344,12
2020-07-08,00000909,COMPANY,93,いっちー,岡山県,農マル園芸,https://www.yurugp.jp/img/uploads/character/200/00000909.jpg,208,34
2020-07-08,00002395,COMPANY,94,せりちゃん,大阪府,大阪府中央卸売市場管理センター株式会社,https://www.yurugp.jp/img/uploads/character/200/00002395.jpg,260,5
2020-07-08,00001953,LOCAL,95,ねじり ほんにょ,宮城県,宮城県　栗原市,https://www.yurugp.jp/img/uploads/character/200/00001953.jpg,54,390
2020-07-08,00003770,LOCAL,96,くらわんこ　ひらにゃんこ,大阪府,特定非営利活動法人　枚方文化観光協会,https://www.yurugp.jp/img/uploads/character/200/00003770.jpg,72,255
2020-07-08,00001222,LOCAL,97,おわんさん,石川県,おわんさん 製作委員会,https://www.yurugp.jp/img/uploads/character/200/00001222.jpg,331,14
2020-07-08,00002573,COMPANY,98,コクオー＆ジョーオーシルク,大阪府,株式会社コクミン,https://www.yurugp.jp/img/uploads/character/200/00002573.jpg,163,78
2020-07-08,00000188,COMPANY,99,うめサブロー,埼玉県,フラワーラジオ（ＦＭこうのす）,https://www.yurugp.jp/img/uploads/character/200/00000188.jpg,127,146
2020-07-08,00003911,COMPANY,100,みなみーな,京都府,南座,https://www.yurugp.jp/img/uploads/character/200/00003911.jpg,80,304
2020-07-08,00001478,LOCAL,101,らべとん,北海道,（一社）かみふらの十勝岳観光協会,https://www.yurugp.jp/img/uploads/character/200/00001478.jpg,241,43
2020-07-08,00003788,COMPANY,102,キューちゃん,北海道,株式会社クリエイティブオフィスキュー,https://www.yurugp.jp/img/uploads/character/200/00003788.jpg,19,1526
2020-07-08,00000467,LOCAL,103,江南市マスコットキャラクター藤花ちゃん,愛知県,江南市,https://www.yurugp.jp/img/uploads/character/200/00000467.jpg,95,195
2020-07-08,00003185,COMPANY,104,つらいにゃん,愛媛県,長高水族館,https://www.yurugp.jp/img/uploads/character/200/00003185.jpg,208,34
2020-07-08,00004120,COMPANY,105,わっしーくん,北海道,株式会社正栄プロジェクト,https://www.yurugp.jp/img/uploads/character/200/00004120.jpg,196,45
2020-07-08,00003834,COMPANY,106,やまやん,熊本県,有限会社やま弥,https://www.yurugp.jp/img/uploads/character/200/00003834.jpg,144,107
2020-07-08,00001074,LOCAL,107,かんぷうくん,山口県,平生町観光協会,https://www.yurugp.jp/img/uploads/character/200/00001074.jpg,260,35
2020-07-08,00002788,LOCAL,108,花田舞太郎,広島県,北広島観光プロモーション実行委員会（北広島町商工観光課）,https://www.yurugp.jp/img/uploads/character/200/00002788.jpg,52,414
2020-07-08,00002143,COMPANY,109,あおいろソーラ,岡山県,デイサービスセンター　あおいろのそら,https://www.yurugp.jp/img/uploads/character/200/00002143.jpg,257,6
2020-07-08,00001179,COMPANY,110,しょもたん,神奈川県,湘南モノレール株式会社,https://www.yurugp.jp/img/uploads/character/200/00001179.jpg,181,63
2020-07-08,00002968,COMPANY,111,カマトリちゃん,千葉県,鎌取カルチャーセンター,https://www.yurugp.jp/img/uploads/character/200/00002968.jpg,260,5
2020-07-08,00002669,COMPANY,112,ひのきちゃん,千葉県,郡建設株式会社,https://www.yurugp.jp/img/uploads/character/200/00002669.jpg,79,308
2020-07-08,00002621,LOCAL,113,しろい地底王国忍者じねんじゃー,千葉県,白井の自然薯を応援する会,https://www.yurugp.jp/img/uploads/character/200/00002621.jpg,13,2575
2020-07-08,00003110,LOCAL,114,モミじん,福井県,福井県美浜町新庄,https://www.yurugp.jp/img/uploads/character/200/00003110.jpg,249,40
2020-07-08,00001442,LOCAL,115,ひらちゃん・ぼうちゃん,鹿児島県,ひらぼうほたるの里,https://www.yurugp.jp/img/uploads/character/200/00001442.jpg,356,10
2020-07-08,00000773,COMPANY,116,さんきゅうさん,神奈川県,横浜 妙深寺,https://www.yurugp.jp/img/uploads/character/200/00000773.jpg,286,0
2020-07-08,00002699,LOCAL,117,くまじいとおくまちゃん,東京都,武蔵府中熊野神社古墳保存会,https://www.yurugp.jp/img/uploads/character/200/00002699.jpg,280,29
2020-07-08,00002670,LOCAL,118,うなぎいもの　うなも,静岡県,うなぎいも協同組合,https://www.yurugp.jp/img/uploads/character/200/00002670.jpg,17,1942
2020-07-08,00003783,COMPANY,119,きたしんくん,大阪府,北おおさか信用金庫,https://www.yurugp.jp/img/uploads/character/200/00003783.jpg,9,4944
2020-07-08,00002295,LOCAL,120,甲府昭和高校生徒会　トライス（TRYS）,山梨県,山梨県立甲府昭和高等学校　生徒会,https://www.yurugp.jp/img/uploads/character/200/00002295.jpg,325,16
2020-07-08,00004025,LOCAL,121,かどっぴ－親子,宮崎県,門川町観光協会,https://www.yurugp.jp/img/uploads/character/200/00004025.jpg,51,416
2020-07-08,00000265,LOCAL,122,さばにゃん,福井県,さばにゃん本舗,https://www.yurugp.jp/img/uploads/character/200/00000265.jpg,227,53
2020-07-08,00003269,LOCAL,123,笠やん,京都府,笠やん倶楽部,https://www.yurugp.jp/img/uploads/character/200/00003269.jpg,84,218
2020-07-08,00001038,LOCAL,124,たいみー,三重県,南伊勢町,https://www.yurugp.jp/img/uploads/character/200/00001038.jpg,135,130
2020-07-08,00001030,LOCAL,125,かきたん,和歌山県,JA紀北かわかみ,https://www.yurugp.jp/img/uploads/character/200/00001030.jpg,22,1238
2020-07-08,00001013,COMPANY,126,かにぼん,大阪府,かに道楽,https://www.yurugp.jp/img/uploads/character/200/00001013.jpg,135,124
2020-07-08,00000205,LOCAL,127,あいさいさん,愛知県,愛西市観光協会,https://www.yurugp.jp/img/uploads/character/200/00000205.jpg,289,27
2020-07-08,00003145,COMPANY,128,幸水ナシコ,福島県,ＮＥＸＣＯ東日本　東北支社　いわき管理事務所,https://www.yurugp.jp/img/uploads/character/200/00003145.jpg,211,32
2020-07-08,00002478,LOCAL,129,”北の”ぺーちん・”中”ゆくりん・”城”まーい,沖縄県,北中城村,https://www.yurugp.jp/img/uploads/character/200/00002478.jpg,316,18
2020-07-08,00000197,LOCAL,130,伊奈ローズちゃん・伊奈ローズくん,埼玉県,（一社）伊奈町観光協会,https://www.yurugp.jp/img/uploads/character/200/00000197.jpg,265,34
2020-07-08,00003087,LOCAL,131,ふくちゃん,大阪府,四條畷警察署管内事業場防犯協会,https://www.yurugp.jp/img/uploads/character/200/00003087.jpg,175,93
2020-07-08,00002794,LOCAL,132,くりちゃん,滋賀県,滋賀県栗東市,https://www.yurugp.jp/img/uploads/character/200/00002794.jpg,145,121
2020-07-08,00002455,COMPANY,133,がんばリュー,福井県,NPO法人恐竜のまち勝山応援隊,https://www.yurugp.jp/img/uploads/character/200/00002455.jpg,214,31
2020-07-08,00003714,LOCAL,134,まめたん,岐阜県,全国農業協同組合連合会岐阜県本部,https://www.yurugp.jp/img/uploads/character/200/00003714.jpg,371,6
2020-07-08,00002157,LOCAL,135,なみすけ・ナミー,東京都,杉並区,https://www.yurugp.jp/img/uploads/character/200/00002157.jpg,30,857
2020-07-08,00000786,LOCAL,136,つのぴょん,宮崎県,都農町観光協会,https://www.yurugp.jp/img/uploads/character/200/00000786.jpg,73,253
2020-07-08,00003401,LOCAL,137,まぐトル,和歌山県,串本町,https://www.yurugp.jp/img/uploads/character/200/00003401.jpg,331,14
2020-07-08,00000469,LOCAL,138,おつるちゃん,宮崎県,（一社）椎葉村観光協会,https://www.yurugp.jp/img/uploads/character/200/00000469.jpg,172,98
2020-07-08,00003142,LOCAL,139,キノピー,和歌山県,紀の国ふるさとづくり協議会,https://www.yurugp.jp/img/uploads/character/200/00003142.jpg,352,11
2020-07-08,00002969,LOCAL,140,なばりのひやわん,三重県,名張地区まちづくり協議会,https://www.yurugp.jp/img/uploads/character/200/00002969.jpg,149,113
2020-07-08,00003878,COMPANY,141,シュガラブちゃん,大阪府,コンペイトウ王国（大阪糖菓株式会社）,https://www.yurugp.jp/img/uploads/character/200/00003878.jpg,141,112
2020-07-08,00001166,LOCAL,142,みさっきー&みさきーちょ,大阪府,大阪府岬町,https://www.yurugp.jp/img/uploads/character/200/00001166.jpg,295,25
2020-07-08,00003046,LOCAL,143,こまちちゃん,秋田県,湯沢市役所産業振興部観光・ジオパーク推進課,https://www.yurugp.jp/img/uploads/character/200/00003046.jpg,320,17
2020-07-08,00000797,LOCAL,144,カーミン,兵庫県,神河町,https://www.yurugp.jp/img/uploads/character/200/00000797.jpg,50,426
2020-07-08,00002845,COMPANY,145,ナースのじぎくちゃん,兵庫県,公益社団法人兵庫県看護協会,https://www.yurugp.jp/img/uploads/character/200/00002845.jpg,111,185
2020-07-08,00002753,COMPANY,146,もつぞう,神奈川県,㈱厚木地所,https://www.yurugp.jp/img/uploads/character/200/00002753.jpg,159,87
2020-07-08,00000889,LOCAL,147,セロリン,長野県,長野県原村,https://www.yurugp.jp/img/uploads/character/200/00000889.jpg,304,22
2020-07-08,00000902,LOCAL,148,ピカタン,長野県,長野県原村,https://www.yurugp.jp/img/uploads/character/200/00000902.jpg,340,13
2020-07-08,00000919,LOCAL,149,ヤッピー,長野県,長野県原村,https://www.yurugp.jp/img/uploads/character/200/00000919.jpg,289,27
2020-07-08,00000678,LOCAL,150,岩出市イメージキャラクターそうへぃちゃん,和歌山県,和歌山県　岩出市,https://www.yurugp.jp/img/uploads/character/200/00000678.jpg,316,18
2020-07-08,00003112,LOCAL,151,城山の金さん,宮城県,宮城県涌谷町,https://www.yurugp.jp/img/uploads/character/200/00003112.jpg,170,99
2020-07-08,00003759,COMPANY,152,森のおんぷ楽団,岡山県,Music&Fashion,https://www.yurugp.jp/img/uploads/character/200/00003759.jpg,283,1
2020-07-08,00000292,LOCAL,153,こめつぐ君,新潟県,南魚沼市,https://www.yurugp.jp/img/uploads/character/200/00000292.jpg,180,89
2020-07-08,00003469,COMPANY,154,ならまちこ,奈良県,マスオグループ(マスオ綜合事務管理センター・奈良自動車学校・増尾商店),https://www.yurugp.jp/img/uploads/character/200/00003469.jpg,192,50
2020-07-08,00003435,COMPANY,155,ほーほーくん,北海道,公益財団法人北海道青少年育成協会,https://www.yurugp.jp/img/uploads/character/200/00003435.jpg,172,69
2020-07-08,00001093,LOCAL,156,ごかりん,茨城県,五霞町,https://www.yurugp.jp/img/uploads/character/200/00001093.jpg,203,69
2020-07-08,00002880,COMPANY,157,ぜっとくん,岡山県,倉敷平成病院,https://www.yurugp.jp/img/uploads/character/200/00002880.jpg,130,138
2020-07-08,00000659,COMPANY,158,うかるくん&もうかるくん,茨城県,うかる文化振興委員会,https://www.yurugp.jp/img/uploads/character/200/00000659.jpg,248,11
2020-07-08,00002986,LOCAL,159,いろう男爵,静岡県,南伊豆町,https://www.yurugp.jp/img/uploads/character/200/00002986.jpg,117,151
2020-07-08,00000245,LOCAL,160,アサヒナサブロー,宮城県,大和町役場,https://www.yurugp.jp/img/uploads/character/200/00000245.jpg,40,598
2020-07-08,00000698,LOCAL,161,ちーぼ,長野県,茅野市子ども会育成連絡協議会,https://www.yurugp.jp/img/uploads/character/200/00000698.jpg,68,267
2020-07-08,00002681,COMPANY,162,とうおうくん,高知県,有限会社 東央警備,https://www.yurugp.jp/img/uploads/character/200/00002681.jpg,227,22
2020-07-08,00000103,LOCAL,163,ササダンゴン,新潟県,新潟応援団☆笹だんごの会,https://www.yurugp.jp/img/uploads/character/200/00000103.jpg,28,950
2020-07-08,00004167,COMPANY,164,にゃーちゃ、,埼玉県,BOOCHA project ,https://www.yurugp.jp/img/uploads/character/200/00004167.jpg,77,310
2020-07-08,00001622,LOCAL,165,ほっとちゃん,和歌山県,（公社）龍神観光協会,https://www.yurugp.jp/img/uploads/character/200/00001622.jpg,244,42
2020-07-08,00000598,LOCAL,166,ひたまる,茨城県,常陸大宮市役所,https://www.yurugp.jp/img/uploads/character/200/00000598.jpg,123,146
2020-07-08,00001018,LOCAL,167,八菜丸,茨城県,八千代町,https://www.yurugp.jp/img/uploads/character/200/00001018.jpg,384,3
2020-07-08,00003780,LOCAL,168,ジャンプちゃん,大阪府,クレオ大阪（大阪市立男女共同参画センター）,https://www.yurugp.jp/img/uploads/character/200/00003780.jpg,173,95
2020-07-08,00003156,LOCAL,169,ももかちゃん,大阪府,社会福祉法人　桃花塾,https://www.yurugp.jp/img/uploads/character/200/00003156.jpg,132,132
2020-07-08,00000131,LOCAL,170,おいらくん,青森県,青森県　おいらせ町,https://www.yurugp.jp/img/uploads/character/200/00000131.jpg,247,41
2020-07-08,00002632,COMPANY,171,あわブタ,埼玉県,株式会社イーグルスター,https://www.yurugp.jp/img/uploads/character/200/00002632.jpg,243,15
2020-07-08,00001434,COMPANY,172,がっぴー,岡山県,浅野産業株式会社,https://www.yurugp.jp/img/uploads/character/200/00001434.jpg,214,31
2020-07-08,00000194,LOCAL,173,大崎一番太郎,東京都,大崎駅西口商店会,https://www.yurugp.jp/img/uploads/character/200/00000194.jpg,298,24
2020-07-08,00003266,LOCAL,174,さほっちファミリー,北海道,北海道　士別市,https://www.yurugp.jp/img/uploads/character/200/00003266.jpg,231,51
2020-07-08,00000748,LOCAL,175,くりっかー・くりっぴー,埼玉県,日高市,https://www.yurugp.jp/img/uploads/character/200/00000748.jpg,340,13
2020-07-08,00001140,LOCAL,176,ふじぴょん,山梨県,富士河口湖町,https://www.yurugp.jp/img/uploads/character/200/00001140.jpg,132,132
2020-07-08,00001086,COMPANY,177,カツオにゃんこ（鰹猫）,高知県,株式会社　濱惣,https://www.yurugp.jp/img/uploads/character/200/00001086.jpg,57,393
2020-07-08,00003539,LOCAL,178,胎内市観光大使やらにゃん,新潟県,胎内検定実行委員会,https://www.yurugp.jp/img/uploads/character/200/00003539.jpg,289,27
2020-07-08,00002414,LOCAL,179,秘境竜,徳島県,三好市観光協会,https://www.yurugp.jp/img/uploads/character/200/00002414.jpg,234,48
2020-07-08,00004168,COMPANY,180,ネコ影,北海道,工房アルティスタ,https://www.yurugp.jp/img/uploads/character/200/00004168.jpg,29,961
2020-07-08,00001208,LOCAL,181,すえっこくん,岐阜県,陶町明日に向って街づくり推進協議会,https://www.yurugp.jp/img/uploads/character/200/00001208.jpg,304,22
2020-07-08,00001321,LOCAL,182,ひのじゃがくん,東京都,（一社）檜原村観光協会,https://www.yurugp.jp/img/uploads/character/200/00001321.jpg,38,626
2020-07-08,00002594,COMPANY,183,がブ吉,愛知県,株式会社ブルームダイニングサービス,https://www.yurugp.jp/img/uploads/character/200/00002594.jpg,275,2
2020-07-08,00002524,LOCAL,184,しゅんた,埼玉県,駿河台大学,https://www.yurugp.jp/img/uploads/character/200/00002524.jpg,188,78
2020-07-08,00003654,COMPANY,185,田辺三菱製薬株式会社　キャラクター　たなみん,大阪府,田辺三菱製薬株式会社,https://www.yurugp.jp/img/uploads/character/200/00003654.jpg,86,283
2020-07-08,00003307,COMPANY,186,ラサッコちゃん,広島県,株式会社ヤマサキ ,https://www.yurugp.jp/img/uploads/character/200/00003307.jpg,46,546
2020-07-08,00003273,COMPANY,187,yamatoくん,愛知県,株式会社大和屋,https://www.yurugp.jp/img/uploads/character/200/00003273.jpg,205,37
2020-07-08,00003708,COMPANY,188,みののん,東京都,みののん委員会,https://www.yurugp.jp/img/uploads/character/200/00003708.jpg,260,5
2020-07-08,00001805,COMPANY,189,オリにゃん（オリ男、オリ子）,大阪府,株式会社オリエントホーム,https://www.yurugp.jp/img/uploads/character/200/00001805.jpg,286,0
2020-07-08,00002528,COMPANY,190,セーフティー君,長崎県,島原自動車学校,https://www.yurugp.jp/img/uploads/character/200/00002528.jpg,270,3
2020-07-08,00003521,LOCAL,191,しまたん,栃木県,大島地区,https://www.yurugp.jp/img/uploads/character/200/00003521.jpg,320,17
2020-07-08,00002284,LOCAL,192,にわさきくん,愛知県,岩崎城歴史記念館,https://www.yurugp.jp/img/uploads/character/200/00002284.jpg,331,14
2020-07-08,00001984,COMPANY,193,くるまくん,愛知県,有限会社　川口商店,https://www.yurugp.jp/img/uploads/character/200/00001984.jpg,150,101
2020-07-08,00003240,LOCAL,194,はちくん,秋田県,大館市 観光交流スポーツ部 観光課,https://www.yurugp.jp/img/uploads/character/200/00003240.jpg,197,72
2020-07-08,00003907,LOCAL,195,とほっぴ,福岡県,東峰村役場,https://www.yurugp.jp/img/uploads/character/200/00003907.jpg,91,198
2020-07-08,00000862,LOCAL,196,山形村イメージキャラクター「やまっち」,長野県,山形村観光協会,https://www.yurugp.jp/img/uploads/character/200/00000862.jpg,209,66
2020-07-08,00001738,LOCAL,197,みーやちゃん,和歌山県,宮子姫顕彰会,https://www.yurugp.jp/img/uploads/character/200/00001738.jpg,83,222
2020-07-08,00003464,LOCAL,198,おがっきぃ・おあむちゃん,岐阜県,大垣市役所,https://www.yurugp.jp/img/uploads/character/200/00003464.jpg,108,168
2020-07-08,00002527,LOCAL,199,ウサパラくん,北海道,喜茂別町,https://www.yurugp.jp/img/uploads/character/200/00002527.jpg,269,32
2020-07-08,00001067,LOCAL,200,茂原市マスコットキャラクターモバりん,千葉県,茂原市,https://www.yurugp.jp/img/uploads/character/200/00001067.jpg,252,38
2020-07-08,00003014,COMPANY,201,エネさん,東京都,株式会社エネサンスホールディングス,https://www.yurugp.jp/img/uploads/character/200/00003014.jpg,21,1456
2020-07-08,00002167,LOCAL,202,はしかみキッズ,青森県,階上町,https://www.yurugp.jp/img/uploads/character/200/00002167.jpg,44,562
2020-07-08,00003623,LOCAL,203,とろすけ,大阪府,泉北クリーンセンター,https://www.yurugp.jp/img/uploads/character/200/00003623.jpg,239,44
2020-07-08,00004169,COMPANY,204,きれーたん,大阪府,一般社団法人 大阪市一般廃棄物適正処理協会,https://www.yurugp.jp/img/uploads/character/200/00004169.jpg,172,69
2020-07-08,00002274,COMPANY,205,しっくいくん,大阪府,株式会社さつまホーム,https://www.yurugp.jp/img/uploads/character/200/00002274.jpg,283,1
2020-07-08,00000154,LOCAL,206,さくらっきー,宮城県,大河原町観光物産協会,https://www.yurugp.jp/img/uploads/character/200/00000154.jpg,12,2598
2020-07-08,00001358,LOCAL,207,かし丸くん,佐賀県,一般社団法人鹿島市観光協会,https://www.yurugp.jp/img/uploads/character/200/00001358.jpg,260,35
2020-07-08,00002054,LOCAL,208,もーん父さん,山梨県,甲斐黄金村・湯之奥金山博物館,https://www.yurugp.jp/img/uploads/character/200/00002054.jpg,48,473
2020-07-08,00002660,LOCAL,209,Go-kun,東京都,公益財団法人PHOENIX 木材・合板博物館,https://www.yurugp.jp/img/uploads/character/200/00002660.jpg,280,29
2020-07-08,00004074,COMPANY,210,手すり侍,埼玉県,ナカ工業株式会社,https://www.yurugp.jp/img/uploads/character/200/00004074.jpg,240,16
2020-07-08,00003393,COMPANY,211,みえ太,徳島県,ケーブルテレビ徳島株式会社,https://www.yurugp.jp/img/uploads/character/200/00003393.jpg,233,20
2020-07-08,00002786,LOCAL,212,やえせのシーちゃん,沖縄県,沖縄県 八重瀬町役場 観光商工課,https://www.yurugp.jp/img/uploads/character/200/00002786.jpg,86,211
2020-07-08,00000684,LOCAL,213,ハッピーこまちゃん,埼玉県,八潮市役所,https://www.yurugp.jp/img/uploads/character/200/00000684.jpg,96,194
2020-07-08,00002687,LOCAL,214,紀の川ぷるぷる娘,和歌山県,紀の川市観光協会,https://www.yurugp.jp/img/uploads/character/200/00002687.jpg,124,144
2020-07-08,00004170,COMPANY,215,エネルン＆あた丸,東京都,日東エネルギー株式会社,https://www.yurugp.jp/img/uploads/character/200/00004170.jpg,202,38
2020-07-08,00003176,LOCAL,216,とみぱん,岐阜県,富加町,https://www.yurugp.jp/img/uploads/character/200/00003176.jpg,186,80
2020-07-08,00001527,LOCAL,217,とっくりん,徳島県,とっくりん応援隊,https://www.yurugp.jp/img/uploads/character/200/00001527.jpg,152,109
2020-07-08,00003580,COMPANY,218,あゆたん,岡山県,金光薬品株式会社,https://www.yurugp.jp/img/uploads/character/200/00003580.jpg,214,31
2020-07-08,00004171,LOCAL,219,梅丸,神奈川県,小田原市,https://www.yurugp.jp/img/uploads/character/200/00004171.jpg,41,594
2020-07-08,00001325,LOCAL,220,きんちゃん,愛知県,弥冨市役所　市民生活部　商工観光課,https://www.yurugp.jp/img/uploads/character/200/00001325.jpg,295,25
2020-07-08,00004172,COMPANY,221,いずきゅん,静岡県,伊豆急行株式会社,https://www.yurugp.jp/img/uploads/character/200/00004172.jpg,85,285
2020-07-08,00001897,COMPANY,222,イタメくん,東京都,株式会社ニチレイフーズ,https://www.yurugp.jp/img/uploads/character/200/00001897.jpg,17,2060
2020-07-08,00003357,COMPANY,223,太田胃にゃん,東京都,株式会社　太田胃散,https://www.yurugp.jp/img/uploads/character/200/00003357.jpg,26,1071
2020-07-08,00003015,LOCAL,224,はくちゃん,愛知県,名古屋☆中川区ブランド野菜製品開発研究会,https://www.yurugp.jp/img/uploads/character/200/00003015.jpg,381,4
2020-07-08,00003514,LOCAL,225,リッチ＆フォール,大阪府,和泉市立富秋中学校,https://www.yurugp.jp/img/uploads/character/200/00003514.jpg,216,60
2020-07-08,00004173,COMPANY,226,産太くん,熊本県,九州産交バス株式会社,https://www.yurugp.jp/img/uploads/character/200/00004173.jpg,84,291
2020-07-08,00003778,COMPANY,227,おちゅん,群馬県,舌切雀のお宿ホテル磯部ガーデン,https://www.yurugp.jp/img/uploads/character/200/00003778.jpg,110,186
2020-07-08,00002267,LOCAL,228,常のモロ,宮城県,大郷町,https://www.yurugp.jp/img/uploads/character/200/00002267.jpg,145,121
2020-07-08,00000592,LOCAL,229,オリーブしまちゃん,香川県,株式会社パオ・フィール,https://www.yurugp.jp/img/uploads/character/200/00000592.jpg,158,107
2020-07-08,00001748,LOCAL,230,キャベッチくん,北海道,南幌町観光協会,https://www.yurugp.jp/img/uploads/character/200/00001748.jpg,295,25
2020-07-08,00001563,LOCAL,231,しず小町,秋田県,湯沢市ジオパーク推進協議会,https://www.yurugp.jp/img/uploads/character/200/00001563.jpg,224,54
2020-07-08,00002661,COMPANY,232,ネッツおかパンダ＆メカニカルDOG,岡山県,ネッツトヨタ岡山株式会社,https://www.yurugp.jp/img/uploads/character/200/00002661.jpg,178,64
2020-07-08,00004174,LOCAL,233,パンプキンダー,北海道,わっさむハロウィーンプロジェクト,https://www.yurugp.jp/img/uploads/character/200/00004174.jpg,364,8
2020-07-08,00004175,LOCAL,234,かぼにゃ,北海道,わっさむハロウィーンプロジェクト,https://www.yurugp.jp/img/uploads/character/200/00004175.jpg,368,7
2020-07-08,00001654,LOCAL,235,くにみももたん,福島県,国見町,https://www.yurugp.jp/img/uploads/character/200/00001654.jpg,298,24
2020-07-08,00004095,LOCAL,236,おなぎさん,香川県,観音寺市立粟井小学校,https://www.yurugp.jp/img/uploads/character/200/00004095.jpg,150,110
2020-07-08,00001574,COMPANY,237,たたミンくん,京都府,西脇畳敷物店,https://www.yurugp.jp/img/uploads/character/200/00001574.jpg,227,22
2020-07-08,00002024,COMPANY,238,かばきち,京都府,株式会社西山ケミックス,https://www.yurugp.jp/img/uploads/character/200/00002024.jpg,167,74
2020-07-08,00003499,COMPANY,239,トンボ学君,岡山県,株式会社トンボ,https://www.yurugp.jp/img/uploads/character/200/00003499.jpg,270,3
2020-07-08,00003502,COMPANY,240,トンボ衣乃ちゃん,岡山県,株式会社トンボ,https://www.yurugp.jp/img/uploads/character/200/00003502.jpg,260,5
2020-07-08,00002547,COMPANY,241,しずぽん,静岡県,自衛隊静岡地方協力本部,https://www.yurugp.jp/img/uploads/character/200/00002547.jpg,104,209
2020-07-08,00000900,LOCAL,242,ヤシロウ,長野県,千曲商工会議所,https://www.yurugp.jp/img/uploads/character/200/00000900.jpg,388,1
2020-07-08,00001685,LOCAL,243,こにゃん,滋賀県,一般社団法人湖南市観光協会,https://www.yurugp.jp/img/uploads/character/200/00001685.jpg,376,5
2020-07-08,00001269,LOCAL,244,別海りょウシくん,北海道,別海町観光協会,https://www.yurugp.jp/img/uploads/character/200/00001269.jpg,97,188
2020-07-08,00003782,COMPANY,245,底地くん,東京都,株式会社サンセイランディック,https://www.yurugp.jp/img/uploads/character/200/00003782.jpg,42,652
2020-07-08,00000795,COMPANY,246,もくじぃ,埼玉県,和信ペイント株式会社,https://www.yurugp.jp/img/uploads/character/200/00000795.jpg,283,1
2020-07-08,00004176,LOCAL,247,そばっち,岩手県,いわて観光キャンペーン推進協議会,https://www.yurugp.jp/img/uploads/character/200/00004176.jpg,53,407
2020-07-08,00003022,LOCAL,248,すみっこ,岩手県,住田町観光協会,https://www.yurugp.jp/img/uploads/character/200/00003022.jpg,269,32
2020-07-08,00003551,LOCAL,249,コメナルド画伯,福島県,JA会津よつば,https://www.yurugp.jp/img/uploads/character/200/00003551.jpg,213,64
2020-07-08,00002804,COMPANY,250,コジ坊,栃木県,株式会社コジマ,https://www.yurugp.jp/img/uploads/character/200/00002804.jpg,18,1533
2020-07-08,00000435,LOCAL,251,おづみん,大阪府,泉大津市,https://www.yurugp.jp/img/uploads/character/200/00000435.jpg,23,1176
2020-07-08,00003563,COMPANY,252,ミラクル＆キューキュー,海外,世界宗教博物館,https://www.yurugp.jp/img/uploads/character/200/00003563.jpg,266,4
2020-07-08,00002314,LOCAL,253,ごうらん,神奈川県,箱根強羅観光協会,https://www.yurugp.jp/img/uploads/character/200/00002314.jpg,170,99
2020-07-08,00000521,LOCAL,254,キーコ,北海道,木古内町役場,https://www.yurugp.jp/img/uploads/character/200/00000521.jpg,143,123
2020-07-08,00002675,LOCAL,255,こまき山,愛知県,小牧市役所　シティプロモーション課,https://www.yurugp.jp/img/uploads/character/200/00002675.jpg,183,82
2020-07-08,00004099,LOCAL,256,しじみーる,青森県,東北町観光協会,https://www.yurugp.jp/img/uploads/character/200/00004099.jpg,320,17
2020-07-08,00001878,LOCAL,257,つがーるちゃん,青森県,つがるブランド推進会議,https://www.yurugp.jp/img/uploads/character/200/00001878.jpg,39,601
2020-07-08,00004177,COMPANY,258,トウチ ＆ さくら,東京都,自衛隊東京地方協力本部,https://www.yurugp.jp/img/uploads/character/200/00004177.jpg,36,837
2020-07-08,00003548,LOCAL,260,みやさん,長野県,長野県宮田村,https://www.yurugp.jp/img/uploads/character/200/00003548.jpg,55,380
2020-07-08,00001299,LOCAL,261,笹太郎,岡山県,岡山県立岡山芳泉高等学校,https://www.yurugp.jp/img/uploads/character/200/00001299.jpg,227,53
2020-07-08,00003749,LOCAL,262,はちかづきちゃん・ねや丸くん,大阪府,寝屋川市,https://www.yurugp.jp/img/uploads/character/200/00003749.jpg,78,232
2020-07-08,00003804,COMPANY,263,さっちゃん,長崎県,島原鉄道株式会社,https://www.yurugp.jp/img/uploads/character/200/00003804.jpg,186,56
2020-07-08,00002643,COMPANY,264,やるぞう君,神奈川県,朝日建設株式会社,https://www.yurugp.jp/img/uploads/character/200/00002643.jpg,206,35
2020-07-08,00002676,COMPANY,265,九ちゃん ,神奈川県,川崎市公営事業部　川崎競輪場,https://www.yurugp.jp/img/uploads/character/200/00002676.jpg,164,77
2020-07-08,00000445,LOCAL,266,うながっぱ,岐阜県,岐阜県多治見市,https://www.yurugp.jp/img/uploads/character/200/00000445.jpg,148,118
2020-07-08,00000721,LOCAL,267,やぶさめくん,福島県,古殿町,https://www.yurugp.jp/img/uploads/character/200/00000721.jpg,274,30
2020-07-08,00001987,LOCAL,268,めばえちゃん,福島県,国立大学法人福島大学,https://www.yurugp.jp/img/uploads/character/200/00001987.jpg,88,207
2020-07-08,00002008,LOCAL,269,くらりん,宮城県,村田町観光物産協会,https://www.yurugp.jp/img/uploads/character/200/00002008.jpg,102,172
2020-07-08,00000836,COMPANY,270,テクノくん,大阪府,大阪科学技術館,https://www.yurugp.jp/img/uploads/character/200/00000836.jpg,44,636
2020-07-08,00003900,LOCAL,271,なららちゃん,長野県,塩尻市立楢川中学校,https://www.yurugp.jp/img/uploads/character/200/00003900.jpg,255,36
2020-07-08,00004178,COMPANY,272,ひょうたん,東京都,株式会社ブリコルール,https://www.yurugp.jp/img/uploads/character/200/00004178.jpg,155,91
2020-07-08,00001247,COMPANY,273,ハピちゃん,富山県,三協立山株式会社　三協アルミ社,https://www.yurugp.jp/img/uploads/character/200/00001247.jpg,73,333
2020-07-08,00001763,LOCAL,274,きらっと君,千葉県,習志野市市民祭事務局,https://www.yurugp.jp/img/uploads/character/200/00001763.jpg,384,3
2020-07-08,00004103,COMPANY,275,スキップくん,岩手県,遠野すずらん振興協同組合,https://www.yurugp.jp/img/uploads/character/200/00004103.jpg,116,169
2020-07-08,00003930,LOCAL,276,ふくくん　かこちゃん,兵庫県,社会福祉法人 加古川市社会福祉協議会,https://www.yurugp.jp/img/uploads/character/200/00003930.jpg,247,41
2020-07-08,00003756,COMPANY,277,アモンちゃん,福岡県,（株）amon,https://www.yurugp.jp/img/uploads/character/200/00003756.jpg,184,59
2020-07-08,00004004,COMPANY,279,土山たぬき,滋賀県,土山ハイウェイサービス株式会社,https://www.yurugp.jp/img/uploads/character/200/00004004.jpg,96,233
2020-07-08,00001430,LOCAL,280,マップー,埼玉県,埼玉県北葛飾郡松伏町,https://www.yurugp.jp/img/uploads/character/200/00001430.jpg,304,22
2020-07-08,00003454,LOCAL,281,さかろん,埼玉県,坂戸市　広報広聴課,https://www.yurugp.jp/img/uploads/character/200/00003454.jpg,81,226
2020-07-08,00000441,LOCAL,282,コダイくん・ロマンちゃん,大阪府,和泉市市長公室いずみアピール課,https://www.yurugp.jp/img/uploads/character/200/00000441.jpg,388,1
2020-07-08,00000691,LOCAL,283,まなりくん,大阪府,藤井寺市,https://www.yurugp.jp/img/uploads/character/200/00000691.jpg,301,23
2020-07-08,00000664,LOCAL,284,めぐるん,長野県,長野県生活排水広報委員会（長野県環境部生活排水課）,https://www.yurugp.jp/img/uploads/character/200/00000664.jpg,218,59
2020-07-08,00002509,LOCAL,285,よこぴー,千葉県,千葉県横芝光町,https://www.yurugp.jp/img/uploads/character/200/00002509.jpg,206,68
2020-07-08,00003841,COMPANY,286,エルちゃん,京都府,株式会社　エルハウジング,https://www.yurugp.jp/img/uploads/character/200/00003841.jpg,75,317
2020-07-08,00002073,LOCAL,287,小松姫,群馬県,沼田商工会議所,https://www.yurugp.jp/img/uploads/character/200/00002073.jpg,216,60
2020-07-08,00003201,LOCAL,288,てんぐちゃん,群馬県,沼田商工会議所,https://www.yurugp.jp/img/uploads/character/200/00003201.jpg,110,167
2020-07-08,00000368,LOCAL,289,たかたのゆめちゃん,岩手県,陸前高田市（AidTAKATA）,https://www.yurugp.jp/img/uploads/character/200/00000368.jpg,1,16431
2020-07-08,00000416,LOCAL,290,ミックンとはっさく,長崎県,長与町役場,https://www.yurugp.jp/img/uploads/character/200/00000416.jpg,220,58
2020-07-08,00002695,LOCAL,291,宗田ぶっしー君,高知県,土佐清水市,https://www.yurugp.jp/img/uploads/character/200/00002695.jpg,163,104
2020-07-08,00001505,COMPANY,292,なやまっち,京都府,納屋町商店街振興組合,https://www.yurugp.jp/img/uploads/character/200/00001505.jpg,270,3
2020-07-08,00004179,COMPANY,293,にゃんこバレリーナ,神奈川県,NBバレエスタジオ,https://www.yurugp.jp/img/uploads/character/200/00004179.jpg,140,113
2020-07-08,00000580,LOCAL,294,こうめちゃん,群馬県,安中市,https://www.yurugp.jp/img/uploads/character/200/00000580.jpg,215,63
2020-07-08,00001759,LOCAL,295,ベリー＆ゴー,長野県,喬木村,https://www.yurugp.jp/img/uploads/character/200/00001759.jpg,344,12
2020-07-08,00001665,LOCAL,296,こもろん,長野県,長野県小諸市,https://www.yurugp.jp/img/uploads/character/200/00001665.jpg,234,48
2020-07-08,00003747,COMPANY,297,せんぼくん,大阪府,泉北高速鉄道株式会社,https://www.yurugp.jp/img/uploads/character/200/00003747.jpg,106,196
2020-07-08,00004107,COMPANY,298,はとっぴぃ,神奈川県,公益社団法人　神奈川県宅地建物取引業協会,https://www.yurugp.jp/img/uploads/character/200/00004107.jpg,206,35
2020-07-08,00004016,LOCAL,299,キャロミ,広島県,広島工業大学女子学生キャリアデザインセンター,https://www.yurugp.jp/img/uploads/character/200/00004016.jpg,74,252
2020-07-08,00004180,LOCAL,300,みそたろう,愛知県,武豊町役場,https://www.yurugp.jp/img/uploads/character/200/00004180.jpg,129,136
2020-07-08,00004040,LOCAL,301,ダイコン爺さん,千葉県,ダイコン爺さんプロジェクト,https://www.yurugp.jp/img/uploads/character/200/00004040.jpg,49,462
2020-07-08,00004181,COMPANY,302,あなとくちゃん,福岡県,（株）西日本新聞社,https://www.yurugp.jp/img/uploads/character/200/00004181.jpg,118,168
2020-07-08,00000522,LOCAL,303,ふわっぴー,埼玉県,埼玉県富士見市,https://www.yurugp.jp/img/uploads/character/200/00000522.jpg,213,64
2020-07-08,00003939,LOCAL,304,なた豆マン,鹿児島県,株式会社YOSHIRO,https://www.yurugp.jp/img/uploads/character/200/00003939.jpg,381,4
2020-07-08,00002748,COMPANY,305,MiSOメン,愛知県,おもいでファーム,https://www.yurugp.jp/img/uploads/character/200/00002748.jpg,249,10
2020-07-08,00001593,LOCAL,306,ヨッチー（横浜市立大学）,神奈川県,公立大学法人横浜市立大学,https://www.yurugp.jp/img/uploads/character/200/00001593.jpg,100,180
2020-07-08,00004035,LOCAL,307,チパンダくん,千葉県,千葉県農業協同組合中央会,https://www.yurugp.jp/img/uploads/character/200/00004035.jpg,195,73
2020-07-08,00003483,LOCAL,308,あミ～ご,長崎県,新上五島町,https://www.yurugp.jp/img/uploads/character/200/00003483.jpg,167,100
2020-07-08,00000062,LOCAL,309,市川三郷レンジャー（にんにん・どんどん・ぽんぽん）,山梨県,市川三郷町,https://www.yurugp.jp/img/uploads/character/200/00000062.jpg,260,35
2020-07-08,00003462,COMPANY,310,オメガオーファミリー,京都府,株式会社第一物産,https://www.yurugp.jp/img/uploads/character/200/00003462.jpg,12,3195
2020-07-08,00001630,LOCAL,311,ひまわり大使ナカマロちゃん,茨城県,那珂市,https://www.yurugp.jp/img/uploads/character/200/00001630.jpg,203,69
2020-07-08,00003146,COMPANY,312,バッカちゃん,新潟県,株式会社　川内自動車,https://www.yurugp.jp/img/uploads/character/200/00003146.jpg,244,14
2020-07-08,00003362,COMPANY,313,いえらぶ君,東京都,株式会社いえらぶGROUP,https://www.yurugp.jp/img/uploads/character/200/00003362.jpg,247,12
2020-07-08,00002783,COMPANY,314,にゆ&とんくん,東京都,太平商事株式会社　ニュー太平,https://www.yurugp.jp/img/uploads/character/200/00002783.jpg,76,315
2020-07-08,00002154,LOCAL,315,くすっぴー,福岡県,福岡県みやま市役所,https://www.yurugp.jp/img/uploads/character/200/00002154.jpg,274,30
2020-07-08,00002223,LOCAL,316,のまっキー,愛知県,愛知県美浜町観光協会,https://www.yurugp.jp/img/uploads/character/200/00002223.jpg,356,10
2020-07-08,00004008,COMPANY,317,ホービス,山口県,株式会社東武住販,https://www.yurugp.jp/img/uploads/character/200/00004008.jpg,136,123
2020-07-08,00003994,COMPANY,318,ウルフェン,大阪府,Life☆Produce,https://www.yurugp.jp/img/uploads/character/200/00003994.jpg,225,24
2020-07-08,00003700,COMPANY,319,イシノマキマン,宮城県,ビヨンド,https://www.yurugp.jp/img/uploads/character/200/00003700.jpg,132,136
2020-07-08,00000792,LOCAL,320,たけちゃま,広島県,祇園町商工会,https://www.yurugp.jp/img/uploads/character/200/00000792.jpg,376,5
2020-07-08,00001437,LOCAL,321,つるりん,青森県,鶴田町,https://www.yurugp.jp/img/uploads/character/200/00001437.jpg,249,40
2020-07-08,00001963,COMPANY,322,やがぴぃ,栃木県,野岩鉄道株式会社,https://www.yurugp.jp/img/uploads/character/200/00001963.jpg,165,75
2020-07-08,00004100,COMPANY,323,トラッ君,兵庫県,(一社)兵庫県トラック協会,https://www.yurugp.jp/img/uploads/character/200/00004100.jpg,249,10
2020-07-08,00004183,COMPANY,324,サンタスさん,滋賀県,株式会社ベスト・ワン,https://www.yurugp.jp/img/uploads/character/200/00004183.jpg,48,512
2020-07-08,00002262,LOCAL,325,サシバのサッちゃん,栃木県,市貝町,https://www.yurugp.jp/img/uploads/character/200/00002262.jpg,152,109
2020-07-08,00004184,LOCAL,326,向日市いいとこPR隊 たけ のこ りん,京都府,向日市役所,https://www.yurugp.jp/img/uploads/character/200/00004184.jpg,94,196
2020-07-08,00002171,COMPANY,327,みらっこ,大分県,大分みらい信用金庫,https://www.yurugp.jp/img/uploads/character/200/00002171.jpg,161,85
2020-07-08,00003922,COMPANY,328,自動車リサイクル博士,東京都,公益財団法人自動車リサイクル促進センター,https://www.yurugp.jp/img/uploads/character/200/00003922.jpg,61,374
2020-07-08,00004185,COMPANY,329,ひがポン・しのぴょん,岩手県,東野建設工業株式会社,https://www.yurugp.jp/img/uploads/character/200/00004185.jpg,254,9
2020-07-08,00002541,COMPANY,331,巻き巻き忍者　巻之助くん,広島県,株式会社あじかん,https://www.yurugp.jp/img/uploads/character/200/00002541.jpg,23,1327
2020-07-08,00002039,LOCAL,332,もとまる,岐阜県,本巣市役所,https://www.yurugp.jp/img/uploads/character/200/00002039.jpg,156,108
2020-07-08,00002774,LOCAL,333,トロンボーイ,宮崎県,一般社団法人　川南町観光協会,https://www.yurugp.jp/img/uploads/character/200/00002774.jpg,181,88
2020-07-08,00001217,LOCAL,334,モモちん,北海道,北海道　遠別町,https://www.yurugp.jp/img/uploads/character/200/00001217.jpg,329,15
2020-07-08,00003096,COMPANY,335,でかさんくん,奈良県,株式会社まごころ福祉,https://www.yurugp.jp/img/uploads/character/200/00003096.jpg,275,2
2020-07-08,00002674,COMPANY,336,ミツバチみっちゃん,京都府,株式会社GSクラフト,https://www.yurugp.jp/img/uploads/character/200/00002674.jpg,175,67
2020-07-08,00001379,COMPANY,337,地球犬,京都府,大学共同利用機関法人 人間文化研究機構 総合地球環境学研究所（地球研）,https://www.yurugp.jp/img/uploads/character/200/00001379.jpg,198,43
2020-07-08,00000254,LOCAL,338,ぽぉ,長野県,いいだ人形劇フェスタ実行委員会,https://www.yurugp.jp/img/uploads/character/200/00000254.jpg,209,66
2020-07-08,00000381,LOCAL,339,幸手市マスコットキャラクター「さっちゃん」,埼玉県,幸手市,https://www.yurugp.jp/img/uploads/character/200/00000381.jpg,255,36
2020-07-08,00001123,LOCAL,340,のぎのん,栃木県,栃木県野木町,https://www.yurugp.jp/img/uploads/character/200/00001123.jpg,280,29
2020-07-08,00004186,COMPANY,341,ボル姉さん,東京都,株式会社 太田プロダクション,https://www.yurugp.jp/img/uploads/character/200/00004186.jpg,94,246
2020-07-08,00003111,LOCAL,342,おりひめちゃん・ひこぼしくん,大阪府,おりひめちゃん（交野市）・ひこぼしくん（枚方市）,https://www.yurugp.jp/img/uploads/character/200/00003111.jpg,99,187
2020-07-08,00000251,LOCAL,343,でんえんまる,群馬県,邑楽館林農業協同組合,https://www.yurugp.jp/img/uploads/character/200/00000251.jpg,340,13
2020-07-08,00004187,COMPANY,344,もってきー,静岡県,もってきーな（浜松鑑定団内アミューズパーク）,https://www.yurugp.jp/img/uploads/character/200/00004187.jpg,275,2
2020-07-08,00003867,COMPANY,345,ほめと＆みかうぇる,神奈川県,Homehome Home(ほめほめほーむ),https://www.yurugp.jp/img/uploads/character/200/00003867.jpg,227,22
2020-07-08,00002925,LOCAL,346,ふっくらたまこ,千葉県,千葉県　多古町,https://www.yurugp.jp/img/uploads/character/200/00002925.jpg,16,2291
2020-07-08,00001981,LOCAL,347,地空人くん,愛知県,豊山町,https://www.yurugp.jp/img/uploads/character/200/00001981.jpg,371,6
2020-07-08,00000739,COMPANY,348,ザビエコくん,大阪府,公益社団法人　堺観光コンベンション協会,https://www.yurugp.jp/img/uploads/character/200/00000739.jpg,266,4
2020-07-08,00002493,LOCAL,349,ここちゃん,愛知県,武豊町社会福祉協議会,https://www.yurugp.jp/img/uploads/character/200/00002493.jpg,265,34
2020-07-08,00001704,COMPANY,350,SUN☆チャゴ,大阪府,大東サンメイツ専門店組合,https://www.yurugp.jp/img/uploads/character/200/00001704.jpg,275,2
2020-07-08,00003568,COMPANY,351,アドカッパ,大阪府,株式会社日成アドバンス,https://www.yurugp.jp/img/uploads/character/200/00003568.jpg,257,6
2020-07-08,00000641,LOCAL,352,つっちー・のこりん,岐阜県,東白川村役場,https://www.yurugp.jp/img/uploads/character/200/00000641.jpg,371,6
2020-07-08,00003888,COMPANY,353,あらびき星人ソップリン,東京都,プリマハム株式会社,https://www.yurugp.jp/img/uploads/character/200/00003888.jpg,2,14056
2020-07-08,00002378,LOCAL,354,つたはーん,徳島県,阿波池田商工会議所,https://www.yurugp.jp/img/uploads/character/200/00002378.jpg,220,58
2020-07-08,00003143,LOCAL,355,とつかわこめぞー,北海道,新十津川町観光協会,https://www.yurugp.jp/img/uploads/character/200/00003143.jpg,197,72
2020-07-08,00001583,LOCAL,356,あわ神,兵庫県,兵庫県淡路市,https://www.yurugp.jp/img/uploads/character/200/00001583.jpg,66,272
2020-07-08,00003826,COMPANY,357,東亜坊や,東京都,東亜建設工業株式会社,https://www.yurugp.jp/img/uploads/character/200/00003826.jpg,34,846
2020-07-08,00003630,LOCAL,358,おうてもん,大阪府,追手門学院大学,https://www.yurugp.jp/img/uploads/character/200/00003630.jpg,352,11
2020-07-08,00003199,COMPANY,359,しきっしー,福岡県,株式会社フェイスロック,https://www.yurugp.jp/img/uploads/character/200/00003199.jpg,122,160
2020-07-08,00004188,COMPANY,360,シックー,東京都,瑞穂町映像企画部,https://www.yurugp.jp/img/uploads/character/200/00004188.jpg,202,38
2020-07-08,00003753,COMPANY,361,アンスイムク太郎,愛知県,安水建設,https://www.yurugp.jp/img/uploads/character/200/00003753.jpg,147,104
2020-07-08,00002135,LOCAL,362,郡上良良ちゃん,岐阜県,郡上市,https://www.yurugp.jp/img/uploads/character/200/00002135.jpg,274,30
2020-07-08,00004134,LOCAL,363,モスぴー,神奈川県,ＪＡセレサ川崎直営大型農産物直売所「セレサモス」,https://www.yurugp.jp/img/uploads/character/200/00004134.jpg,285,28
2020-07-08,00003879,COMPANY,364,まもるくん,大阪府,自衛隊大阪地方協力本部,https://www.yurugp.jp/img/uploads/character/200/00003879.jpg,101,217
2020-07-08,00000308,COMPANY,365,メガ佐藤,大阪府,本氣メディア株式会社,https://www.yurugp.jp/img/uploads/character/200/00000308.jpg,286,0
2020-07-08,00000714,LOCAL,366,さとまる,新潟県,中郷商工会,https://www.yurugp.jp/img/uploads/character/200/00000714.jpg,376,5
2020-07-08,00002604,COMPANY,367,ビバ助,神奈川県,株式会社ビーバートザン,https://www.yurugp.jp/img/uploads/character/200/00002604.jpg,260,5
2020-07-08,00004189,COMPANY,368,オイッスさん,岩手県,びはん株式会社,https://www.yurugp.jp/img/uploads/character/200/00004189.jpg,217,30
2020-07-08,00004068,COMPANY,369,プイモ　ライオンプイモ,東京都,株式会社zizi,https://www.yurugp.jp/img/uploads/character/200/00004068.jpg,151,97
2020-07-08,00004190,COMPANY,370,明ちゃん　敏ちゃん,大阪府,大阪市消防局北消防署,https://www.yurugp.jp/img/uploads/character/200/00004190.jpg,240,16
2020-07-08,00004191,COMPANY,371,ノブルン,茨城県,株式会社ノーブルホーム,https://www.yurugp.jp/img/uploads/character/200/00004191.jpg,72,334
2020-07-08,00003101,COMPANY,372,うちっちー,静岡県,伊豆･三津シーパラダイス,https://www.yurugp.jp/img/uploads/character/200/00003101.jpg,90,266
2020-07-08,00003604,LOCAL,373,松茂係長,徳島県,松茂町,https://www.yurugp.jp/img/uploads/character/200/00003604.jpg,47,505
2020-07-08,00002012,LOCAL,374,エコロル,岩手県,岩手県環境生活部資源循環推進課,https://www.yurugp.jp/img/uploads/character/200/00002012.jpg,320,17
2020-07-08,00000582,LOCAL,375,ぼっちくん,千葉県,八街駅南口商店街振興組合,https://www.yurugp.jp/img/uploads/character/200/00000582.jpg,301,23
2020-07-08,00001993,LOCAL,376,カニンジャ「ちょき丸」,愛知県,蟹江町観光協会,https://www.yurugp.jp/img/uploads/character/200/00001993.jpg,362,9
2020-07-08,00004127,COMPANY,377,カロラッキー,茨城県,トヨタカローラ新茨城株式会社,https://www.yurugp.jp/img/uploads/character/200/00004127.jpg,260,5
2020-07-08,00001244,LOCAL,378,松崎町マスコットキャラクター「まっちー」,静岡県,静岡県松崎町,https://www.yurugp.jp/img/uploads/character/200/00001244.jpg,344,12
2020-07-08,00004192,COMPANY,379,メグたん,東京都,ＮＴＴレゾナント株式会社,https://www.yurugp.jp/img/uploads/character/200/00004192.jpg,59,389
2020-07-08,00002728,LOCAL,380,おたねくん,福島県,会津人参栽培研究会,https://www.yurugp.jp/img/uploads/character/200/00002728.jpg,90,199
2020-07-08,00003890,COMPANY,381,ハッピーちゃん,京都府,株式会社大嶋カーサービス,https://www.yurugp.jp/img/uploads/character/200/00003890.jpg,238,18
2020-07-08,00004129,COMPANY,382,サクちゃん,長野県,イオンモール佐久平,https://www.yurugp.jp/img/uploads/character/200/00004129.jpg,208,34
2020-07-08,00003746,LOCAL,383,安曇ガッタロー,長野県,アズサポ・安曇野をサポートする会,https://www.yurugp.jp/img/uploads/character/200/00003746.jpg,352,11
2020-07-08,00000397,LOCAL,384,さくラ,東京都,さくラのなかま,https://www.yurugp.jp/img/uploads/character/200/00000397.jpg,194,74
2020-07-08,00004193,COMPANY,385,マナやん,香川県,新屋島水族館,https://www.yurugp.jp/img/uploads/character/200/00004193.jpg,58,390
2020-07-08,00004194,LOCAL,386,ゆるナキン,大阪府,泉佐野市,https://www.yurugp.jp/img/uploads/character/200/00004194.jpg,2,9691
2020-07-08,00000060,LOCAL,387,やっぷー,兵庫県,やぶ市観光協会,https://www.yurugp.jp/img/uploads/character/200/00000060.jpg,230,52
2020-07-08,00000479,LOCAL,388,ちゃちゃも,三重県,松阪市,https://www.yurugp.jp/img/uploads/character/200/00000479.jpg,127,142
2020-07-08,00002178,COMPANY,389,AHA子,東京都,（株）スタイリングライフ・ホールディングス　BCLカンパニー,https://www.yurugp.jp/img/uploads/character/200/00002178.jpg,286,0
2020-07-08,00003711,LOCAL,390,すもものしずくちゃん,山形県,中山町商工会青年部,https://www.yurugp.jp/img/uploads/character/200/00003711.jpg,364,8
2020-07-08,00002036,COMPANY,391,ぐんケンくん,群馬県,一般社団法人群馬県建設業協会,https://www.yurugp.jp/img/uploads/character/200/00002036.jpg,32,873
2020-07-08,00003516,COMPANY,392,そろろ,東京都,(一社)東京珠算教育連盟,https://www.yurugp.jp/img/uploads/character/200/00003516.jpg,182,62
2020-07-08,00001331,LOCAL,393,かみたん,栃木県,上三川町,https://www.yurugp.jp/img/uploads/character/200/00001331.jpg,183,82
2020-07-08,00003461,COMPANY,394,バイオますおくん,大阪府,水谷ペイント株式会社,https://www.yurugp.jp/img/uploads/character/200/00003461.jpg,125,151
2020-07-08,00003686,LOCAL,395,わしゃもん,埼玉県,社会福祉法人和光市社会福祉協議会,https://www.yurugp.jp/img/uploads/character/200/00003686.jpg,182,83
2020-07-08,00004195,COMPANY,396,ひんじゃ～,鹿児島県,奄美山羊島（やぎじま）ホテル,https://www.yurugp.jp/img/uploads/character/200/00004195.jpg,126,148
2020-07-08,00004196,COMPANY,397,さんてつくん,岩手県,三陸鉄道株式会社,https://www.yurugp.jp/img/uploads/character/200/00004196.jpg,137,122
2020-07-08,00004197,COMPANY,398,ケロン,群馬県," しののめ信用金庫",https://www.yurugp.jp/img/uploads/character/200/00004197.jpg,24,1240
2020-07-08,00004090,LOCAL,399,みつどん,長野県,長野県飯綱町,https://www.yurugp.jp/img/uploads/character/200/00004090.jpg,135,130
2020-07-08,00002862,LOCAL,400,マリン,千葉県,大網白里市,https://www.yurugp.jp/img/uploads/character/200/00002862.jpg,166,101
2020-07-08,00004147,LOCAL,401,穂波宣隊ほレンジャー,福岡県,穂波まちづくり協議会,https://www.yurugp.jp/img/uploads/character/200/00004147.jpg,331,14
2020-07-08,00003486,LOCAL,402,くまだ　とまお,北海道,北海道苫前町,https://www.yurugp.jp/img/uploads/character/200/00003486.jpg,167,100
2020-07-08,00001584,LOCAL,403,安田朗,高知県,安田町,https://www.yurugp.jp/img/uploads/character/200/00001584.jpg,11,3021
2020-07-08,00004067,COMPANY,404,くるめラちゃん,東京都,FMひがしくるめ,https://www.yurugp.jp/img/uploads/character/200/00004067.jpg,154,92
2020-07-08,00002501,LOCAL,405,ホロル,茨城県,城里町,https://www.yurugp.jp/img/uploads/character/200/00002501.jpg,130,134
2020-07-08,00003191,COMPANY,406,ガラスマン,神奈川県,株式会社サンエス,https://www.yurugp.jp/img/uploads/character/200/00003191.jpg,286,0
2020-07-08,00002297,COMPANY,407,あいむ,福岡県,トヨタカローラ福岡株式会社,https://www.yurugp.jp/img/uploads/character/200/00002297.jpg,119,167
2020-07-08,00003645,LOCAL,408,ラガマルくん,東京都,東京都調布市,https://www.yurugp.jp/img/uploads/character/200/00003645.jpg,15,2335
2020-07-08,00004133,LOCAL,409,サンディー,北海道,酪農学園大学社会連携センター,https://www.yurugp.jp/img/uploads/character/200/00004133.jpg,371,6
2020-07-08,00000649,LOCAL,410,りんりんちゃん,東京都,板橋区,https://www.yurugp.jp/img/uploads/character/200/00000649.jpg,268,33
2020-07-08,00003928,COMPANY,411,チッキー・クラちゃん,東京都,公益財団法人　東京都スポーツ文化事業団,https://www.yurugp.jp/img/uploads/character/200/00003928.jpg,169,71
2020-07-08,00004198,COMPANY,412,みるぽん,愛媛県,南商事株式会社 ミルコム南,https://www.yurugp.jp/img/uploads/character/200/00004198.jpg,80,304
2020-07-08,00004061,COMPANY,413,りゅうくん,愛知県,認定NPO法人　ぼくら・あそび隊・流,https://www.yurugp.jp/img/uploads/character/200/00004061.jpg,114,176
2020-07-08,00004199,LOCAL,414,龍ちゃん・泉ちゃん,岩手県,岩泉町,https://www.yurugp.jp/img/uploads/character/200/00004199.jpg,139,127
2020-07-08,00001446,LOCAL,415,オロロ君,富山県,利賀地域自治振興会,https://www.yurugp.jp/img/uploads/character/200/00001446.jpg,191,77
2020-07-08,00004200,LOCAL,416,かもどうふはん,京都府,公益社団法人　京都青年会議所,https://www.yurugp.jp/img/uploads/character/200/00004200.jpg,120,148
2020-07-08,00004201,COMPANY,417,サマーくん・サマーちゃん,東京都,株式会社東京サマーランド,https://www.yurugp.jp/img/uploads/character/200/00004201.jpg,217,30
2020-07-08,00002035,LOCAL,418,レッキー君・レッキーちゃん,岐阜県,七宗町,https://www.yurugp.jp/img/uploads/character/200/00002035.jpg,274,30
2020-07-08,00001274,LOCAL,419,おがじろう,東京都,小笠原村観光局,https://www.yurugp.jp/img/uploads/character/200/00001274.jpg,63,297
2020-07-08,00001985,COMPANY,420,蒼竜神マヴェル,徳島県,WoM・BoX,https://www.yurugp.jp/img/uploads/character/200/00001985.jpg,245,13
2020-07-08,00000525,LOCAL,421,大多喜町 おたっきー,千葉県,千葉県大多喜町,https://www.yurugp.jp/img/uploads/character/200/00000525.jpg,165,103
2020-07-08,00001147,LOCAL,422,岩手県宮古市キャラクター「サーモンくん・みやこちゃん」,岩手県,宮古市産業振興部水産課,https://www.yurugp.jp/img/uploads/character/200/00001147.jpg,59,325
2020-07-08,00004202,COMPANY,423,ジェフリー,神奈川県,日本トイザらス株式会社,https://www.yurugp.jp/img/uploads/character/200/00004202.jpg,10,4277
2020-07-08,00004072,LOCAL,424,もち麦くん　きらり,岡山県,美作市 保健福祉部 健康づくり推進課,https://www.yurugp.jp/img/uploads/character/200/00004072.jpg,108,168
2020-07-08,00004203,COMPANY,425,安全まもるくん,福岡県,株式会社ダイワ,https://www.yurugp.jp/img/uploads/character/200/00004203.jpg,157,90
2020-07-08,00004204,COMPANY,426,かっぱえび君（かっぱえび家の長男）,東京都,カルビー株式会社,https://www.yurugp.jp/img/uploads/character/200/00004204.jpg,169,71
2020-07-08,00004205,COMPANY,427,ブーギー,宮崎県,株式会社GAKUONユニティ・フェイス,https://www.yurugp.jp/img/uploads/character/200/00004205.jpg,39,717
2020-07-08,00003175,LOCAL,428,へそっぴー,岡山県,吉備中央町,https://www.yurugp.jp/img/uploads/character/200/00003175.jpg,185,81
2020-07-08,00002810,LOCAL,429,いじらっこくん,岐阜県,ラブレイク,https://www.yurugp.jp/img/uploads/character/200/00002810.jpg,388,1
2020-07-08,00004097,LOCAL,430,だいゾウ,愛知県,大同大学　入試・広報室,https://www.yurugp.jp/img/uploads/character/200/00004097.jpg,107,169
2020-07-08,00000026,LOCAL,431,阿賀野市イメージキャラクター「ごずっちょ」,新潟県,阿賀野市,https://www.yurugp.jp/img/uploads/character/200/00000026.jpg,144,122
2020-07-08,00000223,LOCAL,432,蓮花ちゃん,奈良県,葛城市観光協会,https://www.yurugp.jp/img/uploads/character/200/00000223.jpg,158,107
2020-07-08,00000807,LOCAL,433,くっすん,大阪府,大阪府四條畷市,https://www.yurugp.jp/img/uploads/character/200/00000807.jpg,368,7
2020-07-08,00002915,LOCAL,434,ごしょどん,岩手県,一戸町総務部まちづくり課,https://www.yurugp.jp/img/uploads/character/200/00002915.jpg,239,44
2020-07-08,00003984,LOCAL,435,天然,岐阜県,付知町まちづくり協議会,https://www.yurugp.jp/img/uploads/character/200/00003984.jpg,388,1
2020-07-08,00004206,LOCAL,436,ほっぴーさん,石川県,宝達志水町,https://www.yurugp.jp/img/uploads/character/200/00004206.jpg,91,198
2020-07-08,00004150,COMPANY,437,バージンじゃー,岡山県,エムズ・ユーグループ,https://www.yurugp.jp/img/uploads/character/200/00004150.jpg,14,2557
2020-07-08,00000735,LOCAL,438,うきぴー,福岡県,うきは市,https://www.yurugp.jp/img/uploads/character/200/00000735.jpg,37,635
2020-07-08,00004207,COMPANY,439,こしまつくん,埼玉県,越谷・松伏水道企業団,https://www.yurugp.jp/img/uploads/character/200/00004207.jpg,138,121
2020-07-08,00003653,COMPANY,440,しかたん,岡山県,岡山大学埋蔵文化財調査研究センター,https://www.yurugp.jp/img/uploads/character/200/00003653.jpg,105,207
2020-07-08,00000885,LOCAL,441,ぽんたくん,東京都,社会福祉法人　東村山市社会福祉協議会,https://www.yurugp.jp/img/uploads/character/200/00000885.jpg,269,32
2020-07-08,00001134,LOCAL,442,めがみちゃん,山形県,舟形町,https://www.yurugp.jp/img/uploads/character/200/00001134.jpg,70,266
2020-07-08,00000327,LOCAL,443,なまりん,埼玉県,埼玉県吉川市,https://www.yurugp.jp/img/uploads/character/200/00000327.jpg,208,67
2020-07-08,00003727,COMPANY,444,てるまる,東京都,東急パワーサプライ（東急でんき＆ガス）,https://www.yurugp.jp/img/uploads/character/200/00003727.jpg,198,43
2020-07-08,00003695,COMPANY,445,もぐらのコージくん,大阪府,阪神高速道路株式会社,https://www.yurugp.jp/img/uploads/character/200/00003695.jpg,41,661
2020-07-08,00001213,LOCAL,446,あら坊　あらみぃ,東京都,荒川区,https://www.yurugp.jp/img/uploads/character/200/00001213.jpg,64,288
2020-07-08,00002131,LOCAL,447,いばらき童子,大阪府,茨木市観光協会　,https://www.yurugp.jp/img/uploads/character/200/00002131.jpg,192,76
2020-07-08,00004152,COMPANY,448,パブりん,東京都,超ときめき宣伝部,https://www.yurugp.jp/img/uploads/character/200/00004152.jpg,25,1231
2020-07-08,00004208,COMPANY,449,中年警備員！クマガイくん,東京都,タイヨー株式会社,https://www.yurugp.jp/img/uploads/character/200/00004208.jpg,201,42
2020-07-08,00004105,COMPANY,450,イオンのほけん相談　コンサル見習い　こんさるん,千葉県,イオン保険サービス株式会社,https://www.yurugp.jp/img/uploads/character/200/00004105.jpg,153,93
2020-07-08,00000493,LOCAL,451,げんすけ,長野県,特定非営利活動法人わおん,https://www.yurugp.jp/img/uploads/character/200/00000493.jpg,316,18
2020-07-08,00001487,LOCAL,452,東近江のガオさん,滋賀県,ほない会,https://www.yurugp.jp/img/uploads/character/200/00001487.jpg,356,10
2020-07-08,00001857,COMPANY,453,はなっぴー,岩手県,岩手県空港ターミナルビル株式会社,https://www.yurugp.jp/img/uploads/character/200/00001857.jpg,249,10
2020-07-08,00000508,LOCAL,454,ガブリくん,宮城県,角田スタンプ会,https://www.yurugp.jp/img/uploads/character/200/00000508.jpg,142,124
2020-07-08,00002961,COMPANY,455,らびっこ,東京都,有限会社ラビッツ・コーコ,https://www.yurugp.jp/img/uploads/character/200/00002961.jpg,236,19
2020-07-08,00004209,COMPANY,456,みんハピ君,東京都,三井不動産ビルマネジメント株式会社,https://www.yurugp.jp/img/uploads/character/200/00004209.jpg,96,233
2020-07-08,00002587,LOCAL,457,ルバンビー,長野県,富士見高校,https://www.yurugp.jp/img/uploads/character/200/00002587.jpg,325,16
2020-07-08,00002557,COMPANY,458,プリタマくん,埼玉県,日産プリンス埼玉販売株式会社,https://www.yurugp.jp/img/uploads/character/200/00002557.jpg,192,50
2020-07-08,00004210,COMPANY,459,ラン鳥くん,愛知県,株式会社ジーアイビー,https://www.yurugp.jp/img/uploads/character/200/00004210.jpg,133,127
2020-07-08,00000156,LOCAL,460,あぶらげんしん,新潟県,栃尾商工会,https://www.yurugp.jp/img/uploads/character/200/00000156.jpg,260,35
2020-07-08,00002519,LOCAL,461,アマリン,岩手県,一般社団法人久慈市観光物産協会,https://www.yurugp.jp/img/uploads/character/200/00002519.jpg,272,31
2020-07-08,00004069,COMPANY,462,ネコかっぱアイちゃん,茨城県,アイオンドルフィンズ,https://www.yurugp.jp/img/uploads/character/200/00004069.jpg,66,353
2020-07-08,00003722,LOCAL,463,いせわんこ,三重県,三重県菓子工業組合,https://www.yurugp.jp/img/uploads/character/200/00003722.jpg,27,1010
2020-07-08,00002900,COMPANY,464,さんまるちゃん,山口県,サンデー新聞,https://www.yurugp.jp/img/uploads/character/200/00002900.jpg,33,855
2020-07-08,00002631,COMPANY,465,ダッパくん,大阪府,ダックツアー/一般社団法人ふるさ都・夢づくり協議会,https://www.yurugp.jp/img/uploads/character/200/00002631.jpg,131,137
2020-07-08,00003617,LOCAL,466,たるたる,鹿児島県,垂水市,https://www.yurugp.jp/img/uploads/character/200/00003617.jpg,331,14
2020-07-08,00003901,LOCAL,467,すみれっち,大阪府,菫地域活動協議会,https://www.yurugp.jp/img/uploads/character/200/00003901.jpg,237,47
2020-07-08,00004211,COMPANY,468,チェリーナ,山形県,株式会社竹原産業,https://www.yurugp.jp/img/uploads/character/200/00004211.jpg,183,60
2020-07-08,00000478,LOCAL,469,トーバ・トパティ,三重県,鳥羽市,https://www.yurugp.jp/img/uploads/character/200/00000478.jpg,285,28
2020-07-08,00001229,LOCAL,470,はなてぃ,大阪府,阪南市役所,https://www.yurugp.jp/img/uploads/character/200/00001229.jpg,224,54
2020-07-08,00003544,LOCAL,471,宙太くん,鹿児島県,南種子町役場企画課,https://www.yurugp.jp/img/uploads/character/200/00003544.jpg,233,50
2020-07-08,00004212,COMPANY,472,えむえむさん,神奈川県,横浜高速鉄道株式会社,https://www.yurugp.jp/img/uploads/character/200/00004212.jpg,121,164
2020-07-08,00000519,LOCAL,474,ガーヤちゃん,埼玉県,越谷市,https://www.yurugp.jp/img/uploads/character/200/00000519.jpg,197,72
2020-07-08,00000214,LOCAL,475,たがゆいちゃん,滋賀県,一般社団法人多賀観光協会,https://www.yurugp.jp/img/uploads/character/200/00000214.jpg,197,72
2020-07-08,00004213,COMPANY,476,くまプー,大阪府,スパワールド世界の大温泉,https://www.yurugp.jp/img/uploads/character/200/00004213.jpg,128,140
2020-07-08,00000424,LOCAL,477,ただお課長,大阪府,忠岡町,https://www.yurugp.jp/img/uploads/character/200/00000424.jpg,352,11
2020-07-08,00000408,LOCAL,478,チェリン,山形県,(一社)寒河江市観光物産協会,https://www.yurugp.jp/img/uploads/character/200/00000408.jpg,20,1516
2020-07-08,00004214,LOCAL,479,セターナちゃん,北海道,せたな町,https://www.yurugp.jp/img/uploads/character/200/00004214.jpg,285,28
2020-07-08,00002927,LOCAL,480,水仙ちゃん,群馬県,群馬県東吾妻町,https://www.yurugp.jp/img/uploads/character/200/00002927.jpg,120,148
2020-07-08,00001722,LOCAL,481,ココラちゃん,滋賀県,甲良町観光協会,https://www.yurugp.jp/img/uploads/character/200/00001722.jpg,293,26
2020-07-08,00002371,LOCAL,482,しょうちゃん,栃木県,宇都宮商工会議所女性部,https://www.yurugp.jp/img/uploads/character/200/00002371.jpg,384,3
2020-07-08,00003840,COMPANY,483,ジェネちゃん,大阪府,沢井製薬株式会社,https://www.yurugp.jp/img/uploads/character/200/00003840.jpg,123,159
2020-07-08,00003792,COMPANY,484,ふねこ,福岡県,阪九フェリー株式会社,https://www.yurugp.jp/img/uploads/character/200/00003792.jpg,47,533
2020-07-08,00003547,LOCAL,485,座敷わらしの亀麿くん,岩手県,二戸市観光協会金田一支部,https://www.yurugp.jp/img/uploads/character/200/00003547.jpg,331,14
2020-07-08,00000673,LOCAL,486,ときも,埼玉県,川越市,https://www.yurugp.jp/img/uploads/character/200/00000673.jpg,241,43
2020-07-08,00004215,COMPANY,487,モリーさん,栃木県,もりや眼科,https://www.yurugp.jp/img/uploads/character/200/00004215.jpg,129,139
2020-07-08,00000414,LOCAL,488,かぐやパンダ,広島県,竹原市障害者自立支援協議会（事務局　竹原市役所）,https://www.yurugp.jp/img/uploads/character/200/00000414.jpg,224,54
2020-07-08,00004216,COMPANY,489,もみりん,岩手県,医療法人　清和会,https://www.yurugp.jp/img/uploads/character/200/00004216.jpg,196,45
2020-07-08,00000242,LOCAL,490,しずくちゃん,岩手県,雫石町,https://www.yurugp.jp/img/uploads/character/200/00000242.jpg,344,12
2020-07-08,00003612,COMPANY,491,コムゾー,東京都,イッツ・コミュニケーションズ株式会社,https://www.yurugp.jp/img/uploads/character/200/00003612.jpg,160,86
2020-07-08,00002671,LOCAL,492,吉田町ＰＲ部長　よし吉,静岡県,静岡県榛原郡吉田町,https://www.yurugp.jp/img/uploads/character/200/00002671.jpg,68,267
2020-07-08,00002365,LOCAL,493,かんなちゃん,長野県,須坂市,https://www.yurugp.jp/img/uploads/character/200/00002365.jpg,45,528
2020-07-08,00004217,LOCAL,494,みこシスターズ,岩手県,一関市役所室根支所　産業建設課,https://www.yurugp.jp/img/uploads/character/200/00004217.jpg,112,166
2020-07-08,00002179,LOCAL,495,みさ坊,島根県,島根県美郷町,https://www.yurugp.jp/img/uploads/character/200/00002179.jpg,25,1052
2020-07-08,00003990,LOCAL,496,エネキン,京都府,城南衛生管理組合,https://www.yurugp.jp/img/uploads/character/200/00003990.jpg,220,58
2020-07-08,00002001,COMPANY,497,だるまん,群馬県,自衛隊群馬地方協力本部,https://www.yurugp.jp/img/uploads/character/200/00002001.jpg,86,283
2020-07-08,00000581,LOCAL,498,まゆみちゃん,福島県,本宮市,https://www.yurugp.jp/img/uploads/character/200/00000581.jpg,227,53
2020-07-08,00004218,COMPANY,499,レンタン,東京都,株式会社パピレス,https://www.yurugp.jp/img/uploads/character/200/00004218.jpg,92,251
2020-07-08,00000233,LOCAL,500,たっこ王子,青森県,田子町役場,https://www.yurugp.jp/img/uploads/character/200/00000233.jpg,253,37
2020-07-08,00002954,LOCAL,501,かわぐっち（長岡市川口地域キャラクター）,新潟県,川口観光協会,https://www.yurugp.jp/img/uploads/character/200/00002954.jpg,255,36
2020-07-08,00004219,LOCAL,502,秋刀魚武士,岩手県,さかなグルメのまち大船渡実行委員会,https://www.yurugp.jp/img/uploads/character/200/00004219.jpg,80,230
2020-07-08,00000571,LOCAL,503,ぐらんでぃ☆鹿追町非公認！,北海道,ぐらんでぃ～ず,https://www.yurugp.jp/img/uploads/character/200/00000571.jpg,74,252
2020-07-08,00004220,LOCAL,504,味来ちゃん,和歌山県,和歌山県立南部高等学校,https://www.yurugp.jp/img/uploads/character/200/00004220.jpg,192,76
2020-07-08,00000769,LOCAL,505,さくまる,静岡県,天竜区観光協会佐久間支部,https://www.yurugp.jp/img/uploads/character/200/00000769.jpg,195,73
2020-07-08,00002692,LOCAL,506,ウッピー、八っぴー,奈良県,宇陀市,https://www.yurugp.jp/img/uploads/character/200/00002692.jpg,368,7
2020-07-08,00004009,LOCAL,507,ありす,埼玉県,埼玉県立寄居城北高等学校　美術部,https://www.yurugp.jp/img/uploads/character/200/00004009.jpg,313,20
2020-07-08,00004221,LOCAL,508,カタクリンコちゃん,岩手県,西和賀町,https://www.yurugp.jp/img/uploads/character/200/00004221.jpg,356,10
2020-07-08,00004222,COMPANY,509,さなえ,愛媛県,井関農機株式会社,https://www.yurugp.jp/img/uploads/character/200/00004222.jpg,30,896
2020-07-08,00004223,COMPANY,510,ラプくん,東京都,tap desgin room　LLC事務局,https://www.yurugp.jp/img/uploads/character/200/00004223.jpg,112,179
2020-07-08,00004224,LOCAL,511,ヤシロン,岐阜県,多治見市立小泉小学校,https://www.yurugp.jp/img/uploads/character/200/00004224.jpg,178,91
2020-07-08,00003710,LOCAL,512,和田丸,神奈川県,和田町タウンマネジメント協議会,https://www.yurugp.jp/img/uploads/character/200/00003710.jpg,293,26
2020-07-08,00003688,COMPANY,513,シバワン,東京都,芝信用金庫,https://www.yurugp.jp/img/uploads/character/200/00003688.jpg,168,73
2020-07-08,00003367,LOCAL,514,ウレシ丸 ,静岡県,吉田町商工会青年部,https://www.yurugp.jp/img/uploads/character/200/00003367.jpg,238,45
2020-07-08,00003167,LOCAL,515,ちゃぐぽん,岩手県,滝沢市,https://www.yurugp.jp/img/uploads/character/200/00003167.jpg,187,79
2020-07-08,00002170,COMPANY,516,みちまるくん,愛知県,NEXCO中日本グループ,https://www.yurugp.jp/img/uploads/character/200/00002170.jpg,8,5136
2020-07-08,00002672,COMPANY,517,ニッカネ　マヨちゃん,栃木県,株式会社ニッカネ,https://www.yurugp.jp/img/uploads/character/200/00002672.jpg,236,19
2020-07-08,00004083,COMPANY,518,コシノツヨシ,東京都,テーブルマーク株式会社,https://www.yurugp.jp/img/uploads/character/200/00004083.jpg,107,195
2020-07-08,00002285,LOCAL,519,くにニャン,東京都,国立市観光まちづくり協会,https://www.yurugp.jp/img/uploads/character/200/00002285.jpg,244,42
2020-07-08,00004225,COMPANY,520,いちごにんげん,神奈川県,東京ストロベリーパーク,https://www.yurugp.jp/img/uploads/character/200/00004225.jpg,257,6
2020-07-08,00004226,LOCAL,521,かまリン,岩手県,釜石市,https://www.yurugp.jp/img/uploads/character/200/00004226.jpg,362,9
2020-07-08,00004227,LOCAL,522,ティララちゃん,京都府,京都市青少年科学センター,https://www.yurugp.jp/img/uploads/character/200/00004227.jpg,79,231
2020-07-08,00003730,COMPANY,523,びわ湖くん,滋賀県,株式会社クリエイティブブルーム,https://www.yurugp.jp/img/uploads/character/200/00003730.jpg,178,64
2020-07-08,00004086,LOCAL,524,うとう,長野県,塩尻市辰野町中学校組合立両小野中学校,https://www.yurugp.jp/img/uploads/character/200/00004086.jpg,34,748
2020-07-08,00002102,COMPANY,525,はまにゃん,神奈川県,自衛隊神奈川地方協力本部,https://www.yurugp.jp/img/uploads/character/200/00002102.jpg,147,104
2020-07-08,00004042,LOCAL,526,あっさり君,千葉県,浦安市,https://www.yurugp.jp/img/uploads/character/200/00004042.jpg,140,125
2020-07-08,00004153,COMPANY,527,とくしまれっちゃくんすまいるえきちゃん,徳島県,ＪＲ四国,https://www.yurugp.jp/img/uploads/character/200/00004153.jpg,189,54
2020-07-08,00004155,COMPANY,528,かがわれっちゃくんすまいるえきちゃん,香川県,ＪＲ四国,https://www.yurugp.jp/img/uploads/character/200/00004155.jpg,191,51
2020-07-08,00004154,COMPANY,529,えひめれっちゃくんすまいるえきちゃん,愛媛県,ＪＲ四国,https://www.yurugp.jp/img/uploads/character/200/00004154.jpg,176,65
2020-07-08,00004156,COMPANY,530,こうちれっちゃくんすまいるえきちゃん,高知県,ＪＲ四国,https://www.yurugp.jp/img/uploads/character/200/00004156.jpg,186,56
2020-07-08,00003786,COMPANY,531,”どりーむくん”　”ほーぷちゃん”,香川県,香川県信用組合,https://www.yurugp.jp/img/uploads/character/200/00003786.jpg,115,171
2020-07-08,00000635,LOCAL,532,サンディーくん,鹿児島県,吹上浜砂の祭典実行委員会,https://www.yurugp.jp/img/uploads/character/200/00000635.jpg,251,39
2020-07-08,00001071,LOCAL,533,シャロウムちゃん,海外,駐日イスラエル大使館,https://www.yurugp.jp/img/uploads/character/200/00001071.jpg,331,14
2020-07-08,00004142,COMPANY,534,カスタム君,東京都,財務省税関,https://www.yurugp.jp/img/uploads/character/200/00004142.jpg,124,158
2020-07-08,00004098,LOCAL,535,るりっぴー,新潟県,新井商工会議所　青年部,https://www.yurugp.jp/img/uploads/character/200/00004098.jpg,309,21
2020-07-08,00003233,LOCAL,536,たままるくん,三重県,三重県　玉城町,https://www.yurugp.jp/img/uploads/character/200/00003233.jpg,304,22
2020-07-08,00004228,LOCAL,537,カリンちゃん・くるりんちゃん,岩手県,岩手県遠野市役所　産業部観光交流課,https://www.yurugp.jp/img/uploads/character/200/00004228.jpg,344,12
2020-07-08,00004093,LOCAL,538,つづピヨ,神奈川県,横浜市立つづきの丘小学校ＰＴＡ,https://www.yurugp.jp/img/uploads/character/200/00004093.jpg,274,30
2020-07-08,00003751,LOCAL,539,アゴマゴちゃん,沖縄県,豊見城市,https://www.yurugp.jp/img/uploads/character/200/00003751.jpg,344,12
2020-07-08,00004229,COMPANY,540,オランダちゃん,山形県,酒田米菓㈱,https://www.yurugp.jp/img/uploads/character/200/00004229.jpg,90,266
2020-07-08,00004230,LOCAL,541,くだまる,山口県,山口県下松市,https://www.yurugp.jp/img/uploads/character/200/00004230.jpg,101,178
2020-07-08,00004231,COMPANY,542,フクスケ,神奈川県,石心会グループ（医療法人）,https://www.yurugp.jp/img/uploads/character/200/00004231.jpg,245,13
2020-07-08,00003311,LOCAL,543,かみりん,愛媛県,上島町商工会青年部,https://www.yurugp.jp/img/uploads/character/200/00003311.jpg,61,317
2020-07-08,00003821,COMPANY,544,てんじゅさん,東京都,株式会社IJC,https://www.yurugp.jp/img/uploads/character/200/00003821.jpg,38,723
2020-07-08,00003337,COMPANY,545,アーディ君,東京都,株式会社アーネストワン,https://www.yurugp.jp/img/uploads/character/200/00003337.jpg,45,630
2020-07-08,00004232,COMPANY,546,トッコちゃん,東京都,東京交通会館名店会,https://www.yurugp.jp/img/uploads/character/200/00004232.jpg,141,112
2020-07-08,00004233,LOCAL,547,かっぱの河太郎,岐阜県,揖斐川町,https://www.yurugp.jp/img/uploads/character/200/00004233.jpg,176,92
2020-07-08,00003853,COMPANY,548,ばいにゃこさん,富山県,ばいにゃこさんプロジェクト,https://www.yurugp.jp/img/uploads/character/200/00003853.jpg,93,250
2020-07-08,00003538,COMPANY,549,ふじぽん,東京都,チームGOEN,https://www.yurugp.jp/img/uploads/character/200/00003538.jpg,27,1012
2020-07-08,00001001,LOCAL,550,松姫マッピー,東京都,八王子商工会議所　女性経営者の会・シルクレイズ,https://www.yurugp.jp/img/uploads/character/200/00001001.jpg,325,16
2020-07-08,00003361,LOCAL,551,みずん,長野県,安曇野市農業再生協議会,https://www.yurugp.jp/img/uploads/character/200/00003361.jpg,280,29
2020-07-08,00000976,LOCAL,552,かまししちゃん,福岡県,嘉麻市,https://www.yurugp.jp/img/uploads/character/200/00000976.jpg,255,36
2020-07-08,00002850,LOCAL,553,ヒエポン,岩手県,軽米町役場産業振興課,https://www.yurugp.jp/img/uploads/character/200/00002850.jpg,274,30
2020-07-08,00004234,LOCAL,554,かるるん,岩手県,軽米町役場産業振興課,https://www.yurugp.jp/img/uploads/character/200/00004234.jpg,313,20
2020-07-08,00004075,COMPANY,555,けすにゃん,香川県,高松地区防火安全協会（高松市消防局公認）,https://www.yurugp.jp/img/uploads/character/200/00004075.jpg,134,126
2020-07-08,00004235,LOCAL,556,ダイちゃん・マキちゃん,岩手県,洋野町,https://www.yurugp.jp/img/uploads/character/200/00004235.jpg,176,92
2020-07-08,00001078,LOCAL,557,東村山市公式キャラクター「ひがっしー」,東京都,東京都東村山市,https://www.yurugp.jp/img/uploads/character/200/00001078.jpg,150,110
2020-07-08,00004236,COMPANY,558,べるーにゃ,埼玉県,株式会社ベルーナ,https://www.yurugp.jp/img/uploads/character/200/00004236.jpg,28,980
2020-07-08,00004119,LOCAL,559,わははぁーと君,福岡県,社会福祉法人葦の家福祉会,https://www.yurugp.jp/img/uploads/character/200/00004119.jpg,140,125
2020-07-08,00004026,COMPANY,560,コーベイ,兵庫県,株式会社ビートラベル,https://www.yurugp.jp/img/uploads/character/200/00004026.jpg,220,28
2020-07-08,00000458,LOCAL,561,マチカネくん,大阪府,豊中市　都市活力部　魅力創造課　,https://www.yurugp.jp/img/uploads/character/200/00000458.jpg,156,108
2020-07-08,00004089,COMPANY,562,びっぷる,東京都,ビッグローブ株式会社,https://www.yurugp.jp/img/uploads/character/200/00004089.jpg,120,165
2020-07-08,00004237,COMPANY,563,ストローくん,兵庫県,神戸市立医療センター中央市民病院,https://www.yurugp.jp/img/uploads/character/200/00004237.jpg,67,346
2020-07-08,00001016,LOCAL,564,ざおうさま,宮城県,宮城県蔵王町,https://www.yurugp.jp/img/uploads/character/200/00001016.jpg,24,1173
2020-07-08,00004238,LOCAL,565,かせいのモリタン、かせいのモリリン（東京家政大学）,埼玉県,東京家政大学,https://www.yurugp.jp/img/uploads/character/200/00004238.jpg,65,273
2020-07-08,00004239,COMPANY,566,やまのっち,兵庫県,山ノ街ゴルフガーデン,https://www.yurugp.jp/img/uploads/character/200/00004239.jpg,222,26
2020-07-08,00003957,COMPANY,567,くまっキー,東京都,東京ミステリーサーカス,https://www.yurugp.jp/img/uploads/character/200/00003957.jpg,139,114
2020-07-08,00004240,LOCAL,568,いくらすじ子,北海道,雄武町,https://www.yurugp.jp/img/uploads/character/200/00004240.jpg,265,34
2020-07-08,00004091,COMPANY,569,まるる,石川県,株式会社マルヰ,https://www.yurugp.jp/img/uploads/character/200/00004091.jpg,165,75
2020-07-08,00002800,LOCAL,570,世界遺産平泉PRキャラクター「ケロ平」,岩手県,（岩手県）県南広域振興局,https://www.yurugp.jp/img/uploads/character/200/00002800.jpg,209,66
2020-07-08,00000489,LOCAL,571,桃色ウサヒ,山形県,山形県朝日町,https://www.yurugp.jp/img/uploads/character/200/00000489.jpg,35,709
2020-07-08,00004241,LOCAL,572,やくもっちぃ,北海道,新函館農業協同組合,https://www.yurugp.jp/img/uploads/character/200/00004241.jpg,135,130
2020-07-08,00003909,LOCAL,574,わかちゃん,大阪府,若草会,https://www.yurugp.jp/img/uploads/character/200/00003909.jpg,209,66
2020-07-08,00004115,COMPANY,575,熱川ばにお,静岡県,熱川バナナワニ園,https://www.yurugp.jp/img/uploads/character/200/00004115.jpg,63,371
2020-07-08,00000712,LOCAL,576,おんすう　ふらたろう,島根県,UFM雲州ふらたまちおこし実行委員会,https://www.yurugp.jp/img/uploads/character/200/00000712.jpg,223,57
2020-07-08,00004029,COMPANY,577,せん太くん,東京都,スワローチェーン,https://www.yurugp.jp/img/uploads/character/200/00004029.jpg,86,283
2020-07-08,00003993,COMPANY,578,クバロー,山梨県,株式会社小野新聞店,https://www.yurugp.jp/img/uploads/character/200/00003993.jpg,275,2
2020-07-08,00003506,COMPANY,579,ジョイフルくん,北海道,株式会社ジョイフルエーケー,https://www.yurugp.jp/img/uploads/character/200/00003506.jpg,185,57
2020-07-08,00001537,COMPANY,580,たっぷぅ,大阪府,株式会社ベースメントスタジオ,https://www.yurugp.jp/img/uploads/character/200/00001537.jpg,238,18
2020-07-08,00003186,LOCAL,581,ふくにっしー,兵庫県,福崎町立福崎西中学校,https://www.yurugp.jp/img/uploads/character/200/00003186.jpg,280,29
2020-07-08,00001575,LOCAL,582,みやっぴぃ,奈良県,奈良県三宅町,https://www.yurugp.jp/img/uploads/character/200/00001575.jpg,356,10
2020-07-08,00003261,LOCAL,583,みやぼう,奈良県,奈良県三宅町,https://www.yurugp.jp/img/uploads/character/200/00003261.jpg,364,8
2020-07-08,00003764,LOCAL,584,ロボばんじぃ,福島県,磐梯町,https://www.yurugp.jp/img/uploads/character/200/00003764.jpg,376,5
2020-07-08,00003918,LOCAL,585,西郷つん,鹿児島県,株式会社薩摩川内市観光物産協会,https://www.yurugp.jp/img/uploads/character/200/00003918.jpg,9,3175
2020-07-08,00003241,COMPANY,586,けむっし～,大阪府,株式会社ケイエムシー,https://www.yurugp.jp/img/uploads/character/200/00003241.jpg,286,0
2020-07-08,00004242,COMPANY,587,いっくん,大阪府,EQWELチャイルドアカデミー,https://www.yurugp.jp/img/uploads/character/200/00004242.jpg,62,373
2020-07-08,00000241,LOCAL,588,ホタピー,福島県,福島県伊達郡桑折町,https://www.yurugp.jp/img/uploads/character/200/00000241.jpg,340,13
2020-07-08,00004244,COMPANY,589,秀吉公　と　ねね様,京都府,鷲峰山　高台寺,https://www.yurugp.jp/img/uploads/character/200/00004244.jpg,71,337
2020-07-08,00002141,COMPANY,590,Bankenトミー,富山県,富山銀行,https://www.yurugp.jp/img/uploads/character/200/00002141.jpg,69,340
2020-07-08,00003637,LOCAL,591,とみっぴー,福島県,富岡町役場,https://www.yurugp.jp/img/uploads/character/200/00003637.jpg,105,170
2020-07-08,00002585,LOCAL,592,サイケ・デリーさん,東京都,高円寺商店街連合会,https://www.yurugp.jp/img/uploads/character/200/00002585.jpg,304,22
2020-07-08,00004243,LOCAL,593,真ん・中夫,長野県,辰野町立辰野西小学校,https://www.yurugp.jp/img/uploads/character/200/00004243.jpg,46,515
2020-07-08,00003877,LOCAL,594,ハピルスくん,岩手県,岩手県国民健康保険団体連合会,https://www.yurugp.jp/img/uploads/character/200/00003877.jpg,260,35
2020-07-08,00002647,COMPANY,595,祈り犬　かなえちゃん,東京都,株式会社スラップショット,https://www.yurugp.jp/img/uploads/character/200/00002647.jpg,194,48
2020-07-08,00003614,COMPANY,596,シナガワン,東京都,株式会社ケーブルテレビ品川,https://www.yurugp.jp/img/uploads/character/200/00003614.jpg,116,169
2020-07-08,00000724,COMPANY,597,みのりちゃん,大阪府,堺・緑のミュージアム　ハーベストの丘,https://www.yurugp.jp/img/uploads/character/200/00000724.jpg,286,0
2020-07-08,00003222,LOCAL,598,ラックルくん,熊本県,熊本市立川尻小学校ＰＴＡ,https://www.yurugp.jp/img/uploads/character/200/00003222.jpg,301,23
2020-07-08,00004245,COMPANY,599,レオ君,福岡県,株式会社ガリレオコーポレーション,https://www.yurugp.jp/img/uploads/character/200/00004245.jpg,286,0
2020-07-08,00003882,COMPANY,600,軍艦島のガンショーくん,長崎県,株式会社ユニバーサルワーカーズ,https://www.yurugp.jp/img/uploads/character/200/00003882.jpg,227,22
2020-07-08,00003924,COMPANY,601,キリンのハガネくん,宮城県,東北特殊鋼株式会社,https://www.yurugp.jp/img/uploads/character/200/00003924.jpg,70,338
2020-07-08,00003270,COMPANY,602,みやびん,埼玉県,所沢風炎祇神伝～雅～,https://www.yurugp.jp/img/uploads/character/200/00003270.jpg,275,2
2020-07-08,00003951,LOCAL,603,タノくん,岩手県,田野畑村,https://www.yurugp.jp/img/uploads/character/200/00003951.jpg,272,31
2020-07-08,00004246,LOCAL,604,縄文くん,岩手県,藤沢野焼祭実行委員会,https://www.yurugp.jp/img/uploads/character/200/00004246.jpg,394,0
2020-07-08,00004247,COMPANY,605,活力小涌,海外,香港工商総会葵涌支部,https://www.yurugp.jp/img/uploads/character/200/00004247.jpg,270,3
2020-07-08,00002548,LOCAL,606,コバトン・さいたまっち,埼玉県,埼玉県,https://www.yurugp.jp/img/uploads/character/200/00002548.jpg,43,573
2020-07-08,00001952,LOCAL,607,さやりん,大阪府,大阪狭山市マスコットキャラクター運営委員会,https://www.yurugp.jp/img/uploads/character/200/00001952.jpg,127,142
2020-07-08,00002663,LOCAL,608,やっさだるマン,広島県,三原市役所,https://www.yurugp.jp/img/uploads/character/200/00002663.jpg,201,71
2020-07-08,00002703,COMPANY,609,ぴあの森のぴっけろ&くまっぴー,東京都,ぴあ株式会社,https://www.yurugp.jp/img/uploads/character/200/00002703.jpg,195,46
2020-07-08,00000674,LOCAL,610,まゆピー,京都府,綾部市,https://www.yurugp.jp/img/uploads/character/200/00000674.jpg,110,167
2020-07-08,00004146,LOCAL,611,ケヤッキー,宮城県,おいでよ宮城,https://www.yurugp.jp/img/uploads/character/200/00004146.jpg,19,1557
2020-07-08,00000059,LOCAL,612,よしみん,埼玉県,ゆる玉応援団よしみんサポート委員会,https://www.yurugp.jp/img/uploads/character/200/00000059.jpg,329,15
2020-07-08,00004013,COMPANY,613,アイちゃん,東京都,岩崎電気株式会社,https://www.yurugp.jp/img/uploads/character/200/00004013.jpg,50,466
2020-07-08,00000708,LOCAL,614,カーナくん,宮城県,名取市役所,https://www.yurugp.jp/img/uploads/character/200/00000708.jpg,114,153
2020-07-08,00003387,LOCAL,615,ひろしま都市犬はっしー,広島県,広島広域都市圏協議会,https://www.yurugp.jp/img/uploads/character/200/00003387.jpg,344,12
2020-07-08,00003750,COMPANY,616,はーてぃ,富山県,株式会社ノースランド,https://www.yurugp.jp/img/uploads/character/200/00003750.jpg,35,843
2020-07-08,00002392,LOCAL,617,と～ぷく,埼玉県,社会福祉法人戸田市社会福祉事業団,https://www.yurugp.jp/img/uploads/character/200/00002392.jpg,309,21
2020-07-08,00001131,LOCAL,618,ガラスケ,大阪府,大阪府門真市役所,https://www.yurugp.jp/img/uploads/character/200/00001131.jpg,161,106
2020-07-08,00004248,LOCAL,619,えんぞー・すっきぃ（昆布ブラザーズ）,岩手県,普代村,https://www.yurugp.jp/img/uploads/character/200/00004248.jpg,105,170
2020-07-08,00004273,COMPANY,620,健康博士,海外,健康博士LLC,https://www.yurugp.jp/img/uploads/character/200/00004273.jpg,162,83
2020-07-08,00000341,LOCAL,621,開運かなえちゃん,岩手県,盛岡駅前商店街振興組合,https://www.yurugp.jp/img/uploads/character/200/00000341.jpg,364,8
2020-07-08,00003641,COMPANY,622,フキャット,東京都,一般社団法人　日本スポーツウエルネス吹矢協会,https://www.yurugp.jp/img/uploads/character/200/00003641.jpg,60,377
2020-07-08,00003988,COMPANY,623,ならっきー,奈良県,奈良信用金庫,https://www.yurugp.jp/img/uploads/character/200/00003988.jpg,222,26
2020-07-08,00004249,COMPANY,624,はんな,東京都,はなさく生命保険株式会社,https://www.yurugp.jp/img/uploads/character/200/00004249.jpg,249,10
2020-07-08,00004250,COMPANY,625,デンまる,愛知県,株式会社デンソー,https://www.yurugp.jp/img/uploads/character/200/00004250.jpg,152,96
2020-07-08,00004076,COMPANY,626,ふじきち,東京都,株式会社レグルス,https://www.yurugp.jp/img/uploads/character/200/00004076.jpg,65,360
2020-07-08,00004251,LOCAL,627,こあらっち,愛知県,名古屋市千種区,https://www.yurugp.jp/img/uploads/character/200/00004251.jpg,201,71
2020-07-08,00004252,LOCAL,628,ヒマ太君,広島県,海田町,https://www.yurugp.jp/img/uploads/character/200/00004252.jpg,316,18
2020-07-08,00004253,COMPANY,629,クマ,東京都,株式会社コロプラ,https://www.yurugp.jp/img/uploads/character/200/00004253.jpg,275,2
2020-07-08,00004254,COMPANY,630,リックン,鹿児島県,自衛隊鹿児島地方協力本部,https://www.yurugp.jp/img/uploads/character/200/00004254.jpg,98,227
2020-07-08,00000764,LOCAL,631,湧水の妖精　るるめちゃん,東京都,東久留米市市民部産業政策課,https://www.yurugp.jp/img/uploads/character/200/00000764.jpg,298,24
2020-07-08,00000410,LOCAL,632,ふじみん,埼玉県,ふじみ野市産業振興課,https://www.yurugp.jp/img/uploads/character/200/00000410.jpg,309,21
2020-07-08,00002559,COMPANY,633,こぶしまる,東京都,株式会社テイチクエンタテインメント,https://www.yurugp.jp/img/uploads/character/200/00002559.jpg,145,106
2020-07-08,00004140,COMPANY,634,ヨムビー,大阪府,エヌ・ティ・ティ・ソルマーレ株式会社,https://www.yurugp.jp/img/uploads/character/200/00004140.jpg,20,1521
2020-07-08,00003709,COMPANY,635,またたびくん,東京都,東京シティ・エアターミナル株式会社,https://www.yurugp.jp/img/uploads/character/200/00003709.jpg,108,189
2020-07-08,00000745,LOCAL,636,のんちゃん,岩手県,野田村,https://www.yurugp.jp/img/uploads/character/200/00000745.jpg,87,209
2020-07-08,00003876,LOCAL,637,学習院大学広報大使さくまサン,東京都,学習院大学,https://www.yurugp.jp/img/uploads/character/200/00003876.jpg,309,21
2020-07-08,00000861,LOCAL,638,ボラみん,宮崎県,社会福祉法人宮崎県社会福祉協議会　宮崎県ボランティアセンター,https://www.yurugp.jp/img/uploads/character/200/00000861.jpg,388,1
2020-07-08,00003758,LOCAL,639,真田幸丸・真田パパ丸,長野県,一般社団法人　信州上田観光協会,https://www.yurugp.jp/img/uploads/character/200/00003758.jpg,67,270
2020-07-08,00004255,COMPANY,640,甲賀流忍者ぽんぽこ,滋賀県,ぽんぽこちゃんねる,https://www.yurugp.jp/img/uploads/character/200/00004255.jpg,1,27370
2020-07-08,00004256,COMPANY,641,みちびきじょーじ,東京都,まもサーチ（株式会社IoTBank）,https://www.yurugp.jp/img/uploads/character/200/00004256.jpg,43,646
2020-07-08,00000950,LOCAL,642,セッピィ,大阪府,摂津市,https://www.yurugp.jp/img/uploads/character/200/00000950.jpg,255,36
2020-07-08,00000439,LOCAL,643,いくべぇ,青森県,公益社団法人青森県観光連盟,https://www.yurugp.jp/img/uploads/character/200/00000439.jpg,82,224
2020-07-08,00001686,LOCAL,644,鯖カッパ,新潟県,柏崎市立鯖石小学校,https://www.yurugp.jp/img/uploads/character/200/00001686.jpg,33,769
2020-07-08,00002479,LOCAL,645,なす丸くん,大阪府,摂津市,https://www.yurugp.jp/img/uploads/character/200/00002479.jpg,384,3
2020-07-08,00004257,COMPANY,646,キノまる,和歌山県,南海電気鉄道株式会社（キーノ和歌山）,https://www.yurugp.jp/img/uploads/character/200/00004257.jpg,220,28
2020-07-08,00002947,LOCAL,647,フランソワーズびわ,愛知県,Loquatびわ～ん南知多委員会,https://www.yurugp.jp/img/uploads/character/200/00002947.jpg,125,143
2020-07-08,00004128,COMPANY,648,ペイレンジャー,東京都,株式会社　ゆうちょ銀行,https://www.yurugp.jp/img/uploads/character/200/00004128.jpg,103,212
2020-07-08,00003625,COMPANY,649,ムツミン,愛知県,有限会社睦美【不動産仲介のムツミ】　,https://www.yurugp.jp/img/uploads/character/200/00003625.jpg,145,106
2020-07-08,00000990,LOCAL,650,おおふなトン,岩手県,大船渡市,https://www.yurugp.jp/img/uploads/character/200/00000990.jpg,122,147
2020-07-08,00004106,COMPANY,651,ふじもっち,兵庫県,株式会社フジナガ,https://www.yurugp.jp/img/uploads/character/200/00004106.jpg,158,88
2020-07-08,00004258,LOCAL,652,浄法寺のねこ,岩手県,二戸市観光協会浄法寺支部,https://www.yurugp.jp/img/uploads/character/200/00004258.jpg,77,238
2020-07-08,00004259,LOCAL,653,ときワン,兵庫県,神戸常盤大学・神戸常盤大学短期大学部,https://www.yurugp.jp/img/uploads/character/200/00004259.jpg,163,104
2020-07-08,00001129,LOCAL,654,やずぴょん,鳥取県,八頭町,https://www.yurugp.jp/img/uploads/character/200/00001129.jpg,179,90
2020-07-08,00003340,LOCAL,655,仙台弁こけし,宮城県,エントワデザイン株式会社,https://www.yurugp.jp/img/uploads/character/200/00003340.jpg,89,201
2020-07-08,00001057,LOCAL,656,えこたん,愛知県,愛知県幸田町,https://www.yurugp.jp/img/uploads/character/200/00001057.jpg,138,128
2020-07-08,00004065,COMPANY,657,シュガ～,東京都,株式会社HoneyCrown,https://www.yurugp.jp/img/uploads/character/200/00004065.jpg,222,26
2020-07-08,00001955,COMPANY,658,タラコン博士,愛知県,（株）東京かねふく,https://www.yurugp.jp/img/uploads/character/200/00001955.jpg,22,1335
2020-07-08,00004032,COMPANY,659,こにたろう　ぴあにしき　はなちゃん,埼玉県,ピア２１,https://www.yurugp.jp/img/uploads/character/200/00004032.jpg,219,29
2020-07-08,00003074,LOCAL,660,かもまーる,青森県,大間町,https://www.yurugp.jp/img/uploads/character/200/00003074.jpg,315,19
2020-07-08,00003609,LOCAL,661,Re-on,茨城県,茨城県つくば市立吾妻中学校,https://www.yurugp.jp/img/uploads/character/200/00003609.jpg,376,5
2020-07-08,00001114,LOCAL,662,つるゴン,埼玉県,埼玉県鶴ヶ島市,https://www.yurugp.jp/img/uploads/character/200/00001114.jpg,3,8045
2020-07-08,00004260,COMPANY,663,ハトソンくん,東京都,（株）イトーヨーカ堂,https://www.yurugp.jp/img/uploads/character/200/00004260.jpg,211,32
2020-07-08,00001259,LOCAL,664,はっとくん,岩手県,奥州はっと軒連会,https://www.yurugp.jp/img/uploads/character/200/00001259.jpg,325,16
2020-07-08,00004261,LOCAL,665,ひらりちゃん,東京都,社会福祉法人荒川区社会福祉協議会,https://www.yurugp.jp/img/uploads/character/200/00004261.jpg,116,152
2020-07-08,00004262,COMPANY,666,ラビイとビット,神奈川県,株式会社オフィス・ランテ / 劇団夜想会,https://www.yurugp.jp/img/uploads/character/200/00004262.jpg,171,70
2020-07-08,00004064,LOCAL,667,西ちゅう,京都府,京都市立西賀茂中学校,https://www.yurugp.jp/img/uploads/character/200/00004064.jpg,132,132
2020-07-08,00004130,LOCAL,668,ホイップるんちゃん、ホイップるんくん,東京都,株式会社ジェイ・スピリット,https://www.yurugp.jp/img/uploads/character/200/00004130.jpg,356,10
2020-07-08,00003779,LOCAL,669,まめ吉,愛知県,愛知県岡崎市,https://www.yurugp.jp/img/uploads/character/200/00003779.jpg,76,239
2020-07-08,00004263,COMPANY,670,ズボきんぐ,東京都,一般社団法人大人のダイエット研究所,https://www.yurugp.jp/img/uploads/character/200/00004263.jpg,240,16
2020-07-08,00003076,COMPANY,671,箱猫マックス,千葉県,ZOZOTOWN（ゾゾタウン）,https://www.yurugp.jp/img/uploads/character/200/00003076.jpg,231,21
2020-07-08,00003553,COMPANY,672,まほろばトヨ太子,奈良県,奈良トヨタグループ,https://www.yurugp.jp/img/uploads/character/200/00003553.jpg,55,415
2020-07-08,00004265,LOCAL,673,かしもん,岐阜県,岐阜県中津川市立加子母小学校,https://www.yurugp.jp/img/uploads/character/200/00004265.jpg,97,188
2020-07-08,00002876,LOCAL,674,永どん,東京都,永どんサポーターズクラブ,https://www.yurugp.jp/img/uploads/character/200/00002876.jpg,173,95
2020-07-08,00001056,LOCAL,675,タッチーくん,神奈川県,横浜市栄区,https://www.yurugp.jp/img/uploads/character/200/00001056.jpg,36,670
2020-07-08,00002260,LOCAL,676,とよのん,大阪府,豊能町,https://www.yurugp.jp/img/uploads/character/200/00002260.jpg,4,5602
2020-07-08,00004266,COMPANY,677,かもしー,群馬県,東日本旅客鉄道株式会社　高崎支社　新前橋運輸区,https://www.yurugp.jp/img/uploads/character/200/00004266.jpg,172,69
2020-07-08,00004267,LOCAL,678,みずりん・みどりん,岩手県,岩手県企業局,https://www.yurugp.jp/img/uploads/character/200/00004267.jpg,388,1
2020-07-08,00004268,LOCAL,679,酒田市公認マスコットキャラクター　もしぇのん・あののん,山形県,山形県酒田市,https://www.yurugp.jp/img/uploads/character/200/00004268.jpg,231,51
2020-07-08,00004269,LOCAL,680,きよひらくん,岩手県,平泉町(観光商工課),https://www.yurugp.jp/img/uploads/character/200/00004269.jpg,285,28
2020-07-08,00004270,COMPANY,681,モノちゃん,千葉県,千葉都市モノレール株式会社,https://www.yurugp.jp/img/uploads/character/200/00004270.jpg,109,188
2020-07-08,00000394,LOCAL,682,エコトン,福岡県,福岡県,https://www.yurugp.jp/img/uploads/character/200/00000394.jpg,119,150
2020-07-08,00004271,COMPANY,683,いかなキャット,東京都,太陽生命保険株式会社,https://www.yurugp.jp/img/uploads/character/200/00004271.jpg,13,2804
2020-07-08,00004112,COMPANY,685,アスレくん,東京都,NPO法人府中アスレティックフットボールクラブ,https://www.yurugp.jp/img/uploads/character/200/00004112.jpg,83,295
2020-07-08,00004272,LOCAL,686,キヅール,岩手県,株式会社いわてアスリートクラブ　いわてグルージャ盛岡,https://www.yurugp.jp/img/uploads/character/200/00004272.jpg,56,379
2020-07-08,00000216,LOCAL,687,ナスキー,長野県,野沢温泉スキー場,https://www.yurugp.jp/img/uploads/character/200/00000216.jpg,162,105
2020-07-08,00002108,LOCAL,688,あん姫,長野県,長野県千曲市,https://www.yurugp.jp/img/uploads/character/200/00002108.jpg,253,37
2020-07-08,00000471,LOCAL,689,オクトパス君,宮城県,南三陸復興ダコの会,https://www.yurugp.jp/img/uploads/character/200/00000471.jpg,60,320
2020-07-08,00004274,COMPANY,690,ポカピョン,岩手県,サンポット株式会社,https://www.yurugp.jp/img/uploads/character/200/00004274.jpg,198,43
2020-07-08,00003652,COMPANY,691,ガデもん,大阪府,トナリエ南千里　テナント会,https://www.yurugp.jp/img/uploads/character/200/00003652.jpg,266,4
2020-07-08,00002812,LOCAL,692,きんちゃん　しょうちゃん,奈良県,近畿大学附属小学校,https://www.yurugp.jp/img/uploads/character/200/00002812.jpg,371,6
2020-07-08,00000597,LOCAL,693,コトミちゃん,東京都,江東区,https://www.yurugp.jp/img/uploads/character/200/00000597.jpg,344,12
2020-07-08,00004275,LOCAL,694,みやびちゃん,東京都,式根島観光協会,https://www.yurugp.jp/img/uploads/character/200/00004275.jpg,381,4
